country,1870,1871,1872,1873,1874,1875,1876,1877,1878,1879,1880,1881,1882,1883,1884,1885,1886,1887,1888,1889,1890,1891,1892,1893,1894,1895,1896,1897,1898,1899,1900,1901,1902,1903,1904,1905,1906,1907,1908,1909,1910,1911,1912,1913,1914,1915,1916,1917,1918,1919,1920,1921,1922,1923,1924,1925,1926,1927,1928,1929,1930,1931,1932,1933,1934,1935,1936,1937,1938,1939,1940,1941,1942,1943,1944,1945,1946,1947,1948,1949,1950,1951,1952,1953,1954,1955,1956,1957,1958,1959,1960,1961,1962,1963,1964,1965,1966,1967,1968,1969,1970,1971,1972,1973,1974,1975,1976,1977,1978,1979,1980,1981,1982,1983,1984,1985,1986,1987,1988,1989,1990,1991,1992,1993,1994,1995,1996,1997,1998,1999,2000,2001,2002,2003,2004,2005,2006,2007,2008,2009,2010,2011,2012,2013,2014,2015,2016,2017
Afghanistan,0.000667,,,,,0.000667,,,,,0.000667,,,,,0.000667,,,,,0.000667,,,,,0.000667,,,,,0.000667,,,,,0.000667,,,,,0.000667,,,,,0.00133,,,,,0.002,,,,,0.00267,,,,,0.00267,,,,,0.00333,,,,,0.004,,,,,0.006,,,,,0.00867,,,,,0.012,,,,,0.0147,,,,,0.0193,,,,,0.0233,,,,,0.0413,,,,,0.052,,,,,0.0773,,,,,0.0993,0.107,0.107,0.113,0.12,0.127,0.127,0.133,0.133,0.14,0.147,0.147,0.153,0.16,0.167,0.173,0.18,0.193,0.2,0.207,0.213,0.22,0.227,0.233,0.233,0.24,0.24,0.253
Albania,0.00133,,,,,0.00133,,,,,0.00133,,,,,0.002,,,,,0.00267,,,,,0.00267,,,,,0.004,,,,,0.00467,,,,,0.006,,,,,0.0113,,,,,0.0193,,,,,0.03,,,,,0.042,,,,,0.0547,,,,,0.0687,,,,,0.0853,,,,,0.154,,,,,0.173,,,,,0.155,,,,,0.194,,,,,0.221,,,,,0.265,,,,,0.33,,,,,0.45,,,,,0.522,0.52,0.52,0.52,0.52,0.533,0.547,0.553,0.567,0.573,0.587,0.58,0.6,0.6,0.607,0.607,0.613,0.613,0.613,0.62,0.62,0.62,0.64,0.647,0.647,0.647,0.667,0.667
Algeria,0.00533,,,,,0.006,,,,,0.008,,,,,0.01,,,,,0.012,,,,,0.0147,,,,,0.0167,,,,,0.028,,,,,0.036,,,,,0.044,,,,,0.0493,,,,,0.0547,,,,,0.0573,,,,,0.06,,,,,0.0607,,,,,0.06,,,,,0.06,,,,,0.06,,,,,0.048,,,,,0.0427,,,,,0.052,,,,,0.0787,,,,,0.115,,,,,0.167,,,,,0.225,0.253,0.267,0.287,0.3,0.313,0.333,0.347,0.36,0.38,0.393,0.407,0.42,0.433,0.447,0.46,0.467,0.48,0.447,0.46,0.473,0.493,0.507,0.52,0.527,0.527,0.533,0.533
Andorra,,,,,,,,,,,,,,,,,,,,,,,,,,,,,,,,,,,,,,,,,,,,,,,,,,,,,,,,,,,,,,,,,,,,,,,,,,,,,,,,,,,,,,,,,,,,,,,,,,,,,,,,,,,,,,,,,,,,,,,,,,,,,,,,,,,0.447,0.473,0.507,0.673,0.7,0.653,0.673,0.673,0.673,0.673,0.673,0.68,0.68,0.68,0.68,0.68,0.68,0.68
Angola,,,,,,,,,,,,,,,,,,,,,,,,,,,,,,,,,,,,,,,,,,,,,,,,,,,,,,,,,,,,,,,,,,,,,,,,,,,,,,,,,,,,,,,,,,,,,,,,,,,,,,,,,,,,,,,,,,,,,,,,,,,,,,,,,,0.293,0.293,0.293,0.293,0.293,0.293,0.293,0.3,0.3,0.307,0.313,0.313,0.313,0.32,0.327,0.327,0.333,0.34,0.34
Antigua and Barbuda,,,,,,,,,,,,,,,,,,,,,,,,,,,,,,,,,,,,,,,,,,,,,,,,,,,,,,,,,,,,,,,,,,,,,,,,,,,,,,,,,,,,,,,,,,,,,,,,,,,,,,,,,,,,,,,,,,,,,,,,,,,,,,,,,,,0.467,0.593,0.6,0.6,0.607,0.607,0.613,0.613,0.62,0.62,0.613,0.613,0.613,0.613,0.613,0.613,0.613,0.613
Argentina,0.0187,,,,,0.0233,,,,,0.0293,,,,,0.036,,,,,0.0427,,,,,0.0473,,,,,0.052,,,,,0.0613,,,,,0.108,,,,,0.145,,,,,0.173,,,,,0.196,,,,,0.227,,,,,0.253,,,,,0.278,,,,,0.298,,,,,0.307,,,,,0.333,,,,,0.355,,,,,0.373,,,,,0.395,,,,,0.429,,,,,0.448,,,,,0.497,,,,,0.525,0.533,0.533,0.54,0.547,0.553,0.567,0.573,0.587,0.593,0.607,0.607,0.613,0.62,0.613,0.607,0.6,0.593,0.593,0.62,0.653,0.653,0.653,0.653,0.653,0.653,0.66,0.66
Armenia,,,,,,,,,,,,,,,,,,,,,,,,,,,,,,,,,,,,,,,,,,,,,,,,,,,,,,,,,,,,,,,,,,,,,,,,,,,,,,,,,0.491,,,,,0.499,,,,,0.507,,,,,0.54,,,,,0.556,,,,,0.583,,,,,0.613,,,,,0.639,,,,,0.672,0.68,0.68,0.687,0.693,0.693,0.7,0.707,0.713,0.713,0.72,0.713,0.72,0.72,0.72,0.727,0.727,0.733,0.733,0.74,0.74,0.747,0.753,0.76,0.767,0.773,0.78,0.78
Australia,0.107,,,,,0.11,,,,,0.118,,,,,0.133,,,,,0.152,,,,,0.171,,,,,0.183,,,,,0.205,,,,,0.223,,,,,0.261,,,,,0.295,,,,,0.328,,,,,0.369,,,,,0.41,,,,,0.446,,,,,0.481,,,,,0.525,,,,,0.537,,,,,0.551,,,,,0.569,,,,,0.623,,,,,0.669,,,,,0.719,,,,,0.735,,,,,0.747,0.787,0.787,0.787,0.787,0.787,0.787,0.787,0.787,0.793,0.793,0.793,0.787,0.787,0.787,0.78,0.793,0.8,0.82,0.82,0.827,0.833,0.84,0.84,0.847,0.853,0.86,0.86
Austria,0.142,,,,,0.149,,,,,0.157,,,,,0.162,,,,,0.176,,,,,0.193,,,,,0.214,,,,,0.238,,,,,0.263,,,,,0.288,,,,,0.315,,,,,0.341,,,,,0.369,,,,,0.397,,,,,0.419,,,,,0.436,,,,,0.428,,,,,0.412,,,,,0.396,,,,,0.462,,,,,0.509,,,,,0.532,,,,,0.547,,,,,0.561,,,,,0.576,0.58,0.58,0.587,0.587,0.593,0.593,0.593,0.6,0.6,0.6,0.613,0.627,0.64,0.653,0.66,0.673,0.773,0.767,0.78,0.787,0.787,0.787,0.793,0.807,0.807,0.807,0.807
Azerbaijan,,,,,,,,,,,,,,,,,,,,,,,,,,,,,,,,,,,,,,,,,,,,,,,,,,,,,,,,,,,,,,,,,,,,,,,,,,,,,,,,,,,,,,,,,,,,,,,,,,,,,,,,,,,,,,,,,,,,,,,,,,,,,,0.68,0.687,0.693,0.7,0.7,0.707,0.707,0.707,0.707,0.707,0.713,0.713,0.68,0.68,0.713,0.713,0.713,0.713,0.72,0.713,0.713,0.713,0.713
Bahamas,,,,,,,,,,,,,,,,,,,,,,,,,,,,,,,,,,,,,,,,,,,,,,,,,,,,,,,,,,,,,,,,,,,,,,,,,,,,,,,,,,,,,,,,,,,,,,,,,,,,,,,,,,,,,,,,,,,,,,,,,,,,,,,,,,,0.727,0.727,0.727,0.727,0.727,0.727,0.727,0.727,0.727,0.727,0.727,0.733,0.74,0.74,0.74,0.74,0.74,0.74
Bahrain,,,,,,,,,,,,,,,,,,,,,,,,,,,,,,,,,,,,,,,,,,,,,,,,,,,,,,,,,,,,,,,,,,,,,,,,,,,,,,,,,0.0607,,,,,0.0667,,,,,0.0733,,,,,0.0873,,,,,0.125,,,,,0.181,,,,,0.275,,,,,0.35,,,,,0.407,0.42,0.433,0.447,0.46,0.48,0.493,0.507,0.527,0.54,0.553,0.56,0.56,0.56,0.56,0.56,0.56,0.56,0.56,0.56,0.56,0.573,0.587,0.6,0.607,0.62,0.627,0.627
Bangladesh,0.000667,,,,,0.000667,,,,,0.00133,,,,,0.00133,,,,,0.00133,,,,,0.002,,,,,0.00267,,,,,0.00333,,,,,0.0167,,,,,0.026,,,,,0.0353,,,,,0.042,,,,,0.0487,,,,,0.0533,,,,,0.0573,,,,,0.06,,,,,0.06,,,,,0.06,,,,,0.0607,,,,,0.072,,,,,0.0773,,,,,0.0787,,,,,0.131,,,,,0.16,,,,,0.189,0.193,0.2,0.207,0.213,0.22,0.233,0.24,0.253,0.26,0.273,0.287,0.287,0.293,0.3,0.3,0.307,0.313,0.32,0.32,0.327,0.34,0.34,0.34,0.347,0.347,0.347,0.387
Barbados,0.048,,,,,0.0567,,,,,0.0673,,,,,0.0767,,,,,0.086,,,,,0.0913,,,,,0.096,,,,,0.0993,,,,,0.109,,,,,0.125,,,,,0.155,,,,,0.185,,,,,0.216,,,,,0.243,,,,,0.269,,,,,0.299,,,,,0.303,,,,,0.315,,,,,0.329,,,,,0.41,,,,,0.522,,,,,0.474,,,,,0.419,,,,,0.49,,,,,0.539,0.547,0.553,0.56,0.567,0.573,0.573,0.573,0.573,0.58,0.6,0.6,0.607,0.607,0.613,0.613,0.613,0.62,0.62,0.62,0.627,0.66,0.7,0.7,0.7,0.7,0.707,0.707
Belarus,,,,,,,,,,,,,,,,,,,,,,,,,,,,,,,,,,,,,,,,,,,,,,,,,,,,,,,,,,,,,,,,,,,,,,,,,,,,,,,,,,,,,,,,,,,,,,,,,,,,,,,,,,,,,,,,,,,,,,,,,,,,,,0.567,0.573,0.58,0.587,0.587,0.593,0.6,0.607,0.607,0.613,0.62,0.667,0.707,0.753,0.793,0.8,0.8,0.8,0.8,0.807,0.813,0.82,0.82
Belgium,0.151,,,,,0.145,,,,,0.159,,,,,0.173,,,,,0.183,,,,,0.181,,,,,0.172,,,,,0.174,,,,,0.193,,,,,0.203,,,,,0.216,,,,,0.234,,,,,0.259,,,,,0.291,,,,,0.327,,,,,0.369,,,,,0.435,,,,,0.457,,,,,0.465,,,,,0.467,,,,,0.479,,,,,0.501,,,,,0.537,,,,,0.572,,,,,0.607,0.633,0.633,0.64,0.647,0.647,0.653,0.653,0.66,0.667,0.667,0.68,0.687,0.693,0.7,0.713,0.74,0.74,0.733,0.74,0.74,0.747,0.747,0.76,0.767,0.78,0.787,0.787
Belize,0.0193,,,,,0.024,,,,,0.0287,,,,,0.036,,,,,0.0447,,,,,0.0553,,,,,0.068,,,,,0.082,,,,,0.135,,,,,0.174,,,,,0.213,,,,,0.247,,,,,0.277,,,,,0.305,,,,,0.329,,,,,0.35,,,,,0.447,,,,,0.464,,,,,0.471,,,,,0.496,,,,,0.481,,,,,0.498,,,,,0.472,,,,,0.49,,,,,0.548,0.56,0.573,0.587,0.593,0.607,0.62,0.633,0.647,0.66,0.673,0.673,0.68,0.68,0.687,0.687,0.687,0.693,0.693,0.693,0.7,0.7,0.7,0.7,0.7,0.7,0.7,0.7
Benin,0.000667,,,,,0.000667,,,,,0.000667,,,,,0.000667,,,,,0.000667,,,,,0.000667,,,,,0.000667,,,,,0.000667,,,,,0.00133,,,,,0.00133,,,,,0.002,,,,,0.002,,,,,0.00933,,,,,0.0147,,,,,0.02,,,,,0.0253,,,,,0.022,,,,,0.0267,,,,,0.0313,,,,,0.0407,,,,,0.042,,,,,0.0427,,,,,0.0433,,,,,0.0727,,,,,0.108,0.113,0.12,0.127,0.133,0.14,0.147,0.153,0.16,0.167,0.173,0.173,0.18,0.18,0.18,0.187,0.187,0.187,0.187,0.187,0.187,0.187,0.2,0.213,0.22,0.233,0.24,0.24
Bhutan,,,,,,,,,,,,,,,,,,,,,,,,,,,,,,,,,,,,,,,,,,,,,,,,,,,,,,,,,,,,,,,,,,,,,,,,,,,,,,,,,,,,,,,,,,,,,,,,,,,,,,,,,,,,,,,,,,,,,,,,,,,,,,,,,,,,,,,,0.153,0.153,0.153,0.153,0.153,0.153,0.153,0.167,0.187,0.207,0.207,0.207,0.207
Bolivia,0.00333,,,,,0.004,,,,,0.00467,,,,,0.006,,,,,0.00733,,,,,0.00933,,,,,0.0113,,,,,0.014,,,,,0.0173,,,,,0.0213,,,,,0.0267,,,,,0.0433,,,,,0.0573,,,,,0.0707,,,,,0.0907,,,,,0.107,,,,,0.12,,,,,0.139,,,,,0.168,,,,,0.185,,,,,0.218,,,,,0.243,,,,,0.298,,,,,0.357,,,,,0.427,0.433,0.447,0.453,0.467,0.473,0.48,0.48,0.487,0.493,0.493,0.487,0.48,0.473,0.473,0.467,0.487,0.473,0.507,0.527,0.52,0.533,0.553,0.56,0.567,0.58,0.593,0.593
Bosnia and Herzegovina,,,,,,,,,,,,,,,,,,,,,,,,,,,,,,,,,,,,,,,,,,,,,,,,,,,,,,,,,,,,,,,,,,,,,,,,,,,,,,,,,,,,,,,,,,,,,,,,,,,,,,,,,,,,,,,,,,,,,,,,,,,,,,,,,,,0.467,0.473,0.48,0.48,0.487,0.493,0.493,0.5,0.507,0.513,0.473,0.48,0.553,0.58,0.613,0.6,0.647,0.647
Botswana,,,,,,,,,,,,,,,,,,,,,,,,,,,,,,,,,,,,,,,,,,,,,,,,,,,,,,,,,,,,,,,,,,,,,,,,,,,,,,,,,0.0853,,,,,0.086,,,,,0.0867,,,,,0.088,,,,,0.0893,,,,,0.147,,,,,0.153,,,,,0.26,,,,,0.368,0.387,0.4,0.413,0.433,0.447,0.46,0.473,0.487,0.493,0.507,0.513,0.527,0.533,0.54,0.553,0.56,0.567,0.573,0.587,0.593,0.593,0.6,0.607,0.613,0.613,0.62,0.62
Brazil,0.00667,,,,,0.008,,,,,0.0107,,,,,0.0133,,,,,0.016,,,,,0.0193,,,,,0.0313,,,,,0.0407,,,,,0.054,,,,,0.0633,,,,,0.0753,,,,,0.084,,,,,0.094,,,,,0.101,,,,,0.111,,,,,0.117,,,,,0.131,,,,,0.145,,,,,0.166,,,,,0.185,,,,,0.206,,,,,0.188,,,,,0.195,,,,,0.239,,,,,0.269,0.26,0.273,0.287,0.3,0.307,0.32,0.333,0.347,0.36,0.373,0.387,0.4,0.413,0.413,0.42,0.427,0.433,0.447,0.453,0.46,0.473,0.487,0.493,0.493,0.507,0.52,0.52
Brunei,,,,,,,,,,,,,,,,,,,,,,,,,,,,,,,,,,,,,,,,,,,,,,,,,,,,,,,,,,,,,,,,,,,,,,,,,,,,,,,,,0.115,,,,,0.133,,,,,0.153,,,,,0.176,,,,,0.231,,,,,0.285,,,,,0.407,,,,,0.442,,,,,0.501,0.507,0.513,0.52,0.533,0.54,0.54,0.547,0.547,0.547,0.553,0.553,0.56,0.56,0.56,0.567,0.567,0.573,0.58,0.58,0.587,0.587,0.593,0.593,0.6,0.6,0.607,0.607
Bulgaria,0.0613,,,,,0.0627,,,,,0.0647,,,,,0.066,,,,,0.068,,,,,0.0787,,,,,0.0887,,,,,0.0967,,,,,0.105,,,,,0.129,,,,,0.148,,,,,0.161,,,,,0.17,,,,,0.174,,,,,0.192,,,,,0.204,,,,,0.208,,,,,0.228,,,,,0.282,,,,,0.287,,,,,0.367,,,,,0.411,,,,,0.481,,,,,0.545,,,,,0.563,0.593,0.6,0.607,0.613,0.62,0.62,0.627,0.627,0.633,0.633,0.66,0.667,0.673,0.673,0.68,0.693,0.7,0.7,0.707,0.707,0.713,0.72,0.727,0.727,0.787,0.787,0.787
Burkina Faso,,,,,,,,,,,,,,,,,,,,,,,,,,,,,,,,,,,,,,,,,,,,,,,,,,,,,,,,,,,,,,,,,,,,,,,,,,,,,,,,,,,,,,,,,,,,,,,,,,,,,,,,,,,,,,,,,,,,,,,,,,,,,,,,,,,0.08,0.0867,0.0867,0.0867,0.0867,0.0867,0.0867,0.0867,0.0867,0.0933,0.0933,0.0933,0.0933,0.0933,0.0933,0.0933,0.1,0.1
Burundi,,,,,,,,,,,,,,,,,,,,,,,,,,,,,,,,,,,,,,,,,,,,,,,,,,,,,,,,,,,,,,,,,,,,,,,,,,,,,,,,,0.0153,,,,,0.018,,,,,0.0253,,,,,0.0353,,,,,0.0447,,,,,0.058,,,,,0.0727,,,,,0.088,,,,,0.096,0.1,0.1,0.1,0.107,0.107,0.107,0.113,0.113,0.12,0.12,0.127,0.133,0.14,0.147,0.153,0.16,0.16,0.167,0.173,0.173,0.173,0.18,0.187,0.187,0.193,0.2,0.2
Cambodia,0.000667,,,,,0.000667,,,,,0.000667,,,,,0.000667,,,,,0.000667,,,,,0.000667,,,,,0.000667,,,,,0.000667,,,,,0.000667,,,,,0.000667,,,,,0.000667,,,,,0.000667,,,,,0.00133,,,,,0.002,,,,,0.002,,,,,0.00333,,,,,0.016,,,,,0.03,,,,,0.0447,,,,,0.0613,,,,,0.0827,,,,,0.109,,,,,0.141,,,,,0.168,,,,,0.179,0.18,0.187,0.187,0.193,0.2,0.2,0.207,0.207,0.213,0.213,0.22,0.22,0.227,0.233,0.233,0.24,0.247,0.26,0.247,0.293,0.293,0.3,0.307,0.313,0.313,0.313,0.32
Cameroon,0.000667,,,,,0.000667,,,,,0.000667,,,,,0.000667,,,,,0.00133,,,,,0.00133,,,,,0.002,,,,,0.00333,,,,,0.00467,,,,,0.00533,,,,,0.006,,,,,0.00933,,,,,0.0127,,,,,0.016,,,,,0.022,,,,,0.028,,,,,0.0333,,,,,0.0407,,,,,0.0547,,,,,0.0653,,,,,0.086,,,,,0.104,,,,,0.141,,,,,0.186,,,,,0.231,0.24,0.247,0.26,0.267,0.28,0.287,0.293,0.307,0.313,0.32,0.327,0.34,0.34,0.34,0.34,0.347,0.347,0.347,0.347,0.353,0.367,0.38,0.393,0.4,0.407,0.42,0.42
Canada,0.161,,,,,0.169,,,,,0.179,,,,,0.187,,,,,0.198,,,,,0.207,,,,,0.242,,,,,0.275,,,,,0.306,,,,,0.337,,,,,0.364,,,,,0.393,,,,,0.417,,,,,0.446,,,,,0.464,,,,,0.487,,,,,0.493,,,,,0.517,,,,,0.537,,,,,0.555,,,,,0.577,,,,,0.612,,,,,0.656,,,,,0.655,,,,,0.685,0.687,0.693,0.7,0.707,0.707,0.713,0.72,0.72,0.727,0.733,0.747,0.767,0.78,0.8,0.813,0.82,0.827,0.827,0.833,0.84,0.847,0.853,0.86,0.867,0.873,0.873,0.887
Cape Verde,,,,,,,,,,,,,,,,,,,,,,,,,,,,,,,,,,,,,,,,,,,,,,,,,,,,,,,,,,,,,,,,,,,,,,,,,,,,,,,,,,,,,,,,,,,,,,,,,,,,,,,,,,,,,,,,,,,,,,,,,,,,,,,,,,,0.233,0.247,0.253,0.267,0.28,0.287,0.3,0.307,0.32,0.333,0.34,0.353,0.36,0.373,0.387,0.393,0.407,0.407
Central African Republic,,,,,,,,,,,,,,,,,,,,,,,,,,,,,,,,,,,,,,,,,,,,,,,,,,,,,,,,,,,,,,,,,,,,,,,,,,,,,,,,,0.022,,,,,0.024,,,,,0.0273,,,,,0.0313,,,,,0.038,,,,,0.05,,,,,0.068,,,,,0.0993,,,,,0.137,0.14,0.147,0.153,0.16,0.16,0.167,0.173,0.18,0.187,0.193,0.193,0.2,0.207,0.213,0.22,0.22,0.227,0.227,0.233,0.24,0.247,0.253,0.267,0.273,0.28,0.287,0.287
Chad,,,,,,,,,,,,,,,,,,,,,,,,,,,,,,,,,,,,,,,,,,,,,,,,,,,,,,,,,,,,,,,,,,,,,,,,,,,,,,,,,,,,,,,,,,,,,,,,,,,,,,,,,,,,,,,,,,,,,,,,,,,,,,,,,,,0.0933,0.0933,0.0933,0.0933,0.0933,0.1,0.107,0.113,0.12,0.12,0.127,0.133,0.14,0.14,0.147,0.153,0.153,0.153
Chile,0.0213,,,,,0.026,,,,,0.0313,,,,,0.0373,,,,,0.042,,,,,0.046,,,,,0.0867,,,,,0.114,,,,,0.143,,,,,0.177,,,,,0.203,,,,,0.235,,,,,0.258,,,,,0.283,,,,,0.297,,,,,0.309,,,,,0.313,,,,,0.326,,,,,0.333,,,,,0.353,,,,,0.387,,,,,0.4,,,,,0.427,,,,,0.482,,,,,0.535,0.54,0.547,0.553,0.553,0.56,0.567,0.573,0.573,0.58,0.587,0.6,0.613,0.627,0.64,0.633,0.633,0.627,0.66,0.66,0.653,0.653,0.66,0.66,0.673,0.687,0.687,0.687
China,0.000667,,,,,0.000667,,,,,0.000667,,,,,0.000667,,,,,0.000667,,,,,0.000667,,,,,0.000667,,,,,0.000667,,,,,0.00133,,,,,0.002,,,,,0.00333,,,,,0.00467,,,,,0.01,,,,,0.016,,,,,0.022,,,,,0.0307,,,,,0.0433,,,,,0.0727,,,,,0.103,,,,,0.148,,,,,0.185,,,,,0.232,,,,,0.277,,,,,0.319,,,,,0.356,0.333,0.347,0.353,0.367,0.38,0.387,0.4,0.413,0.42,0.433,0.433,0.44,0.447,0.453,0.46,0.46,0.467,0.467,0.473,0.487,0.493,0.5,0.5,0.507,0.513,0.52,0.52
Colombia,0.0173,,,,,0.02,,,,,0.0227,,,,,0.026,,,,,0.03,,,,,0.0333,,,,,0.0493,,,,,0.062,,,,,0.0733,,,,,0.088,,,,,0.101,,,,,0.115,,,,,0.126,,,,,0.139,,,,,0.148,,,,,0.159,,,,,0.149,,,,,0.168,,,,,0.185,,,,,0.205,,,,,0.225,,,,,0.257,,,,,0.284,,,,,0.319,,,,,0.364,0.373,0.38,0.387,0.4,0.407,0.413,0.42,0.42,0.427,0.433,0.433,0.433,0.433,0.44,0.453,0.447,0.48,0.487,0.487,0.493,0.5,0.507,0.52,0.533,0.54,0.553,0.553
Comoros,,,,,,,,,,,,,,,,,,,,,,,,,,,,,,,,,,,,,,,,,,,,,,,,,,,,,,,,,,,,,,,,,,,,,,,,,,,,,,,,,,,,,,,,,,,,,,,,,,,,,,,,,,,,,,,,,,,,,,,,,,,,,,,,,,,,,,,0.187,0.207,0.22,0.233,0.247,0.26,0.28,0.293,0.307,0.313,0.32,0.32,0.32,0.32
"Congo, Dem. Rep.",0.000667,,,,,0.000667,,,,,0.000667,,,,,0.000667,,,,,0.000667,,,,,0.000667,,,,,0.000667,,,,,0.00133,,,,,0.002,,,,,0.00267,,,,,0.00333,,,,,0.00333,,,,,0.006,,,,,0.008,,,,,0.012,,,,,0.0153,,,,,0.0213,,,,,0.0273,,,,,0.034,,,,,0.0433,,,,,0.0547,,,,,0.068,,,,,0.0853,,,,,0.11,,,,,0.15,0.16,0.167,0.18,0.187,0.193,0.2,0.207,0.207,0.213,0.22,0.233,0.247,0.26,0.273,0.287,0.3,0.32,0.333,0.347,0.36,0.373,0.387,0.4,0.413,0.427,0.44,0.453
"Congo, Rep.",,,,,,,,,,,,,,,,,,,,,,,,,,,,,,,,,,,,,,,,,,,,,,,,,,,,,,,,,,,,,,,,,,,,,,,,,,,,,,,,,0.0267,,,,,0.028,,,,,0.0387,,,,,0.0473,,,,,0.0767,,,,,0.101,,,,,0.163,,,,,0.216,,,,,0.293,0.3,0.313,0.32,0.333,0.34,0.347,0.353,0.36,0.367,0.367,0.373,0.38,0.38,0.387,0.387,0.393,0.393,0.4,0.4,0.407,0.413,0.413,0.42,0.42,0.42,0.42,0.42
Costa Rica,0.0153,,,,,0.0193,,,,,0.0233,,,,,0.028,,,,,0.036,,,,,0.044,,,,,0.0807,,,,,0.111,,,,,0.135,,,,,0.162,,,,,0.183,,,,,0.201,,,,,0.214,,,,,0.227,,,,,0.232,,,,,0.239,,,,,0.234,,,,,0.237,,,,,0.246,,,,,0.257,,,,,0.241,,,,,0.299,,,,,0.354,,,,,0.403,,,,,0.448,0.467,0.473,0.48,0.487,0.493,0.5,0.513,0.52,0.527,0.533,0.533,0.533,0.527,0.527,0.527,0.527,0.54,0.56,0.56,0.553,0.56,0.567,0.567,0.573,0.587,0.587,0.587
Cote d'Ivoire,0.000667,,,,,0.000667,,,,,0.000667,,,,,0.000667,,,,,0.000667,,,,,0.000667,,,,,0.000667,,,,,0.00133,,,,,0.00133,,,,,0.00667,,,,,0.0107,,,,,0.0153,,,,,0.02,,,,,0.0247,,,,,0.0253,,,,,0.0273,,,,,0.0287,,,,,0.032,,,,,0.0353,,,,,0.042,,,,,0.0507,,,,,0.0627,,,,,0.086,,,,,0.113,,,,,0.136,0.14,0.147,0.153,0.16,0.167,0.173,0.187,0.2,0.207,0.22,0.22,0.227,0.233,0.24,0.247,0.253,0.26,0.267,0.273,0.28,0.293,0.3,0.313,0.293,0.333,0.34,0.347
Croatia,,,,,,,,,,,,,,,,,,,,,,,,,,,,,,,,,,,,,,,,,,,,,,,,,,,,,,,,,,,,,,,,,,,,,,,,,,,,,,,,,0.363,,,,,0.389,,,,,0.408,,,,,0.43,,,,,0.449,,,,,0.494,,,,,0.523,,,,,0.555,,,,,0.579,0.42,0.433,0.453,0.473,0.487,0.52,0.547,0.573,0.6,0.627,0.653,0.653,0.653,0.647,0.647,0.66,0.673,0.687,0.707,0.72,0.733,0.733,0.733,0.74,0.747,0.753,0.753
Cuba,0.00533,,,,,0.00733,,,,,0.00933,,,,,0.012,,,,,0.0153,,,,,0.0193,,,,,0.0253,,,,,0.0593,,,,,0.0833,,,,,0.107,,,,,0.137,,,,,0.16,,,,,0.185,,,,,0.203,,,,,0.219,,,,,0.229,,,,,0.229,,,,,0.239,,,,,0.257,,,,,0.288,,,,,0.322,,,,,0.373,,,,,0.401,,,,,0.466,,,,,0.516,0.573,0.587,0.593,0.607,0.613,0.62,0.627,0.633,0.64,0.64,0.647,0.633,0.653,0.653,0.66,0.673,0.693,0.707,0.72,0.733,0.753,0.72,0.733,0.747,0.76,0.773,0.787
Cyprus,0.0147,,,,,0.0173,,,,,0.0213,,,,,0.0253,,,,,0.0307,,,,,0.0367,,,,,0.046,,,,,0.054,,,,,0.0613,,,,,0.0853,,,,,0.105,,,,,0.122,,,,,0.135,,,,,0.148,,,,,0.158,,,,,0.179,,,,,0.207,,,,,0.247,,,,,0.291,,,,,0.316,,,,,0.339,,,,,0.396,,,,,0.448,,,,,0.513,,,,,0.58,0.587,0.593,0.6,0.607,0.613,0.627,0.633,0.647,0.653,0.667,0.673,0.68,0.693,0.7,0.713,0.727,0.747,0.753,0.753,0.767,0.773,0.787,0.8,0.793,0.793,0.807,0.807
Czech Republic,0.203,,,,,0.205,,,,,0.213,,,,,0.22,,,,,0.227,,,,,0.235,,,,,0.243,,,,,0.251,,,,,0.273,,,,,0.292,,,,,0.309,,,,,0.338,,,,,0.363,,,,,0.388,,,,,0.405,,,,,0.427,,,,,0.538,,,,,0.548,,,,,0.539,,,,,0.592,,,,,0.637,,,,,0.657,,,,,0.682,,,,,0.697,,,,,0.725,0.56,0.573,0.593,0.607,0.627,0.64,0.66,0.673,0.693,0.707,0.727,0.74,0.76,0.773,0.793,0.807,0.813,0.813,0.82,0.827,0.833,0.827,0.84,0.853,0.847,0.847,0.847
Denmark,0.159,,,,,0.163,,,,,0.167,,,,,0.17,,,,,0.174,,,,,0.179,,,,,0.184,,,,,0.189,,,,,0.193,,,,,0.21,,,,,0.229,,,,,0.252,,,,,0.275,,,,,0.301,,,,,0.326,,,,,0.35,,,,,0.359,,,,,0.279,,,,,0.304,,,,,0.334,,,,,0.386,,,,,0.43,,,,,0.487,,,,,0.535,,,,,0.597,0.613,0.62,0.633,0.647,0.66,0.673,0.68,0.693,0.707,0.713,0.76,0.807,0.853,0.853,0.853,0.853,0.833,0.86,0.847,0.847,0.847,0.853,0.88,0.853,0.833,0.84,0.84
Djibouti,,,,,,,,,,,,,,,,,,,,,,,,,,,,,,,,,,,,,,,,,,,,,,,,,,,,,,,,,,,,,,,,,,,,,,,,,,,,,,,,,,,,,,,,,,,,,,,,,,,,,,,,,,,,,,,,,,,,,,,,,,,,,,0.187,0.187,0.193,0.2,0.207,0.213,0.22,0.227,0.233,0.24,0.247,0.253,0.26,0.26,0.26,0.267,0.267,0.267,0.267,0.273,0.273,0.273,0.273
Dominica,,,,,,,,,,,,,,,,,,,,,,,,,,,,,,,,,,,,,,,,,,,,,,,,,,,,,,,,,,,,,,,,,,,,,,,,,,,,,,,,,,,,,,,,,,,,,,,,,,,,,,,,,,,,,,,,,,,,,,,,,,,,,,,,,,,0.52,0.52,0.52,0.52,0.52,0.52,0.52,0.52,0.52,0.52,0.52,0.52,0.527,0.527,0.527,0.527,0.52,0.52
Dominican Republic,0.002,,,,,0.00333,,,,,0.00533,,,,,0.008,,,,,0.0107,,,,,0.014,,,,,0.016,,,,,0.018,,,,,0.056,,,,,0.0813,,,,,0.105,,,,,0.123,,,,,0.137,,,,,0.147,,,,,0.153,,,,,0.16,,,,,0.16,,,,,0.161,,,,,0.161,,,,,0.175,,,,,0.203,,,,,0.23,,,,,0.265,,,,,0.301,,,,,0.343,0.34,0.353,0.367,0.38,0.387,0.4,0.407,0.413,0.42,0.427,0.433,0.447,0.453,0.46,0.467,0.473,0.48,0.48,0.48,0.487,0.493,0.5,0.507,0.52,0.52,0.52,0.52
Ecuador,0.00867,,,,,0.0113,,,,,0.014,,,,,0.0173,,,,,0.0213,,,,,0.0267,,,,,0.046,,,,,0.0593,,,,,0.072,,,,,0.0873,,,,,0.1,,,,,0.113,,,,,0.125,,,,,0.136,,,,,0.142,,,,,0.152,,,,,0.159,,,,,0.175,,,,,0.198,,,,,0.229,,,,,0.258,,,,,0.285,,,,,0.359,,,,,0.39,,,,,0.429,0.447,0.447,0.453,0.46,0.46,0.46,0.46,0.46,0.46,0.467,0.467,0.473,0.473,0.48,0.487,0.487,0.487,0.527,0.527,0.527,0.533,0.54,0.553,0.567,0.56,0.58,0.58
Egypt,0.000667,,,,,0.00133,,,,,0.00133,,,,,0.002,,,,,0.002,,,,,0.00267,,,,,0.004,,,,,0.00533,,,,,0.00667,,,,,0.00867,,,,,0.012,,,,,0.0153,,,,,0.018,,,,,0.02,,,,,0.0253,,,,,0.0293,,,,,0.0327,,,,,0.0367,,,,,0.046,,,,,0.0527,,,,,0.0687,,,,,0.0867,,,,,0.137,,,,,0.198,,,,,0.234,0.24,0.247,0.253,0.26,0.267,0.28,0.287,0.3,0.307,0.32,0.327,0.34,0.353,0.36,0.373,0.387,0.4,0.413,0.427,0.433,0.447,0.453,0.46,0.467,0.473,0.48,0.48
El Salvador,0.0107,,,,,0.0133,,,,,0.0167,,,,,0.0207,,,,,0.0253,,,,,0.0313,,,,,0.0453,,,,,0.056,,,,,0.0653,,,,,0.072,,,,,0.078,,,,,0.0833,,,,,0.088,,,,,0.092,,,,,0.094,,,,,0.0987,,,,,0.0933,,,,,0.104,,,,,0.111,,,,,0.13,,,,,0.152,,,,,0.175,,,,,0.203,,,,,0.227,,,,,0.248,0.253,0.26,0.267,0.273,0.28,0.293,0.307,0.32,0.333,0.347,0.353,0.367,0.38,0.387,0.4,0.427,0.387,0.427,0.433,0.473,0.433,0.447,0.44,0.433,0.44,0.46,0.46
Equatorial Guinea,,,,,,,,,,,,,,,,,,,,,,,,,,,,,,,,,,,,,,,,,,,,,,,,,,,,,,,,,,,,,,,,,,,,,,,,,,,,,,,,,,,,,,,,,,,,,,,,,,,,,,,,,,,,,,,,,,,,,,,,,,,,,,,,,,,0.36,0.36,0.36,0.36,0.36,0.36,0.36,0.36,0.36,0.367,0.367,0.367,0.367,0.367,0.367,0.367,0.367,0.367
Eritrea,,,,,,,,,,,,,,,,,,,,,,,,,,,,,,,,,,,,,,,,,,,,,,,,,,,,,,,,,,,,,,,,,,,,,,,,,,,,,,,,,,,,,,,,,,,,,,,,,,,,,,,,,,,,,,,,,,,,,,,,,,,,,,,,,,,,,,,,0.247,0.247,0.253,0.253,0.253,0.26,0.26,0.26,0.26,0.26,0.26,0.26,0.267
Estonia,,,,,,,,,,,,,,,,,,,,,,,,,,,,,,,,,,,,,,,,,,,,,,,,,,,,,,,,,,,,,,,,,,,,,,,,,,,,,,,,,0.407,,,,,0.424,,,,,0.44,,,,,0.464,,,,,0.483,,,,,0.525,,,,,0.555,,,,,0.589,,,,,0.621,0.633,0.653,0.667,0.687,0.7,0.713,0.733,0.747,0.767,0.78,0.787,0.793,0.793,0.8,0.807,0.813,0.813,0.82,0.827,0.833,0.833,0.833,0.84,0.84,0.847,0.84,0.847
Eswatini,0.000667,,,,,0.000667,,,,,0.000667,,,,,0.000667,,,,,0.000667,,,,,0.000667,,,,,0.000667,,,,,0.000667,,,,,0.000667,,,,,0.00533,,,,,0.00867,,,,,0.0127,,,,,0.024,,,,,0.034,,,,,0.0447,,,,,0.0547,,,,,0.068,,,,,0.0773,,,,,0.094,,,,,0.105,,,,,0.145,,,,,0.19,,,,,0.237,,,,,0.279,,,,,0.29,0.287,0.287,0.287,0.287,0.28,0.28,0.273,0.267,0.26,0.26,0.247,0.24,0.227,0.267,0.3,0.34,0.353,0.36,0.373,0.38,0.393,0.407,0.42,0.433,0.433,0.433,0.433
Ethiopia,,,,,,,,,,,,,,,,,,,,,,,,,,,,,,,,,,,,,,,,,,,,,,,,,,,,,,,,,,,,,,,,,,,,,,,,,,,,,,,,,,,,,,,,,,,,,,,,,,,,,,,,,,,,,,,,,,,,,,,,,,,,,,,,,,,0.1,0.107,0.113,0.113,0.12,0.127,0.133,0.14,0.147,0.153,0.153,0.16,0.16,0.167,0.167,0.173,0.18,0.18
Fiji,0.000667,,,,,0.000667,,,,,0.000667,,,,,0.000667,,,,,0.000667,,,,,0.000667,,,,,0.00133,,,,,0.00267,,,,,0.004,,,,,0.0187,,,,,0.0313,,,,,0.0653,,,,,0.09,,,,,0.112,,,,,0.137,,,,,0.165,,,,,0.197,,,,,0.219,,,,,0.257,,,,,0.29,,,,,0.312,,,,,0.341,,,,,0.397,,,,,0.45,,,,,0.558,0.58,0.593,0.613,0.633,0.653,0.653,0.647,0.647,0.64,0.64,0.633,0.627,0.62,0.62,0.613,0.62,0.62,0.627,0.633,0.64,0.653,0.673,0.687,0.7,0.72,0.72,0.72
Finland,0.00667,,,,,0.008,,,,,0.00933,,,,,0.0113,,,,,0.014,,,,,0.018,,,,,0.0533,,,,,0.0833,,,,,0.115,,,,,0.141,,,,,0.167,,,,,0.191,,,,,0.212,,,,,0.233,,,,,0.24,,,,,0.247,,,,,0.255,,,,,0.262,,,,,0.269,,,,,0.313,,,,,0.36,,,,,0.422,,,,,0.493,,,,,0.489,,,,,0.497,0.513,0.527,0.547,0.56,0.573,0.587,0.593,0.6,0.613,0.62,0.627,0.633,0.64,0.793,0.8,0.8,0.8,0.813,0.813,0.82,0.82,0.827,0.82,0.827,0.827,0.827,0.827
France,0.044,,,,,0.046,,,,,0.0487,,,,,0.0593,,,,,0.0833,,,,,0.108,,,,,0.131,,,,,0.154,,,,,0.179,,,,,0.201,,,,,0.224,,,,,0.242,,,,,0.253,,,,,0.261,,,,,0.275,,,,,0.285,,,,,0.287,,,,,0.295,,,,,0.273,,,,,0.299,,,,,0.331,,,,,0.365,,,,,0.397,,,,,0.441,,,,,0.489,0.5,0.52,0.54,0.56,0.587,0.6,0.613,0.627,0.64,0.653,0.667,0.673,0.68,0.687,0.693,0.707,0.713,0.713,0.72,0.727,0.727,0.733,0.747,0.76,0.767,0.767,0.767
Gabon,,,,,,,,,,,,,,,,,,,,,,,,,,,,,,,,,,,,,,,,,,,,,,,,,,,,,,,,,,,,,,,,,,,,,,,,,,,,,,,,,0.0287,,,,,0.0293,,,,,0.0347,,,,,0.044,,,,,0.0667,,,,,0.092,,,,,0.157,,,,,0.217,,,,,0.288,0.3,0.313,0.327,0.333,0.347,0.36,0.373,0.387,0.4,0.413,0.42,0.433,0.44,0.453,0.46,0.467,0.48,0.487,0.493,0.507,0.513,0.52,0.54,0.54,0.54,0.547,0.547
Gambia,0.00267,,,,,0.00333,,,,,0.004,,,,,0.00467,,,,,0.006,,,,,0.00733,,,,,0.00933,,,,,0.0113,,,,,0.014,,,,,0.0147,,,,,0.0153,,,,,0.016,,,,,0.0167,,,,,0.018,,,,,0.02,,,,,0.022,,,,,0.022,,,,,0.0233,,,,,0.0253,,,,,0.026,,,,,0.0287,,,,,0.0307,,,,,0.0453,,,,,0.0633,,,,,0.0827,0.0933,0.1,0.107,0.113,0.12,0.12,0.127,0.127,0.133,0.133,0.14,0.14,0.147,0.153,0.16,0.167,0.167,0.173,0.18,0.187,0.193,0.207,0.213,0.22,0.227,0.227,0.233
Georgia,,,,,,,,,,,,,,,,,,,,,,,,,,,,,,,,,,,,,,,,,,,,,,,,,,,,,,,,,,,,,,,,,,,,,,,,,,,,,,,,,,,,,,,,,,,,,,,,,,,,,,,,,,,,,,,,,,,,,,,,,,,,,,,,,,,0.78,0.787,0.793,0.8,0.8,0.807,0.807,0.807,0.813,0.813,0.813,0.813,0.833,0.84,0.84,0.847,0.853,0.853
Germany,0.13,,,,,0.144,,,,,0.158,,,,,0.174,,,,,0.189,,,,,0.204,,,,,0.219,,,,,0.232,,,,,0.243,,,,,0.251,,,,,0.292,,,,,0.329,,,,,0.365,,,,,0.399,,,,,0.429,,,,,0.447,,,,,0.447,,,,,0.498,,,,,0.502,,,,,0.512,,,,,0.514,,,,,0.505,,,,,0.509,,,,,0.503,,,,,0.585,0.593,0.607,0.62,0.633,0.647,0.653,0.667,0.68,0.687,0.747,0.78,0.807,0.833,0.86,0.887,0.907,0.913,0.913,0.92,0.92,0.927,0.933,0.933,0.933,0.94,0.94,0.94
Ghana,0.000667,,,,,0.000667,,,,,0.000667,,,,,0.00133,,,,,0.00133,,,,,0.002,,,,,0.002,,,,,0.00267,,,,,0.00733,,,,,0.0107,,,,,0.0133,,,,,0.016,,,,,0.0173,,,,,0.026,,,,,0.0327,,,,,0.0387,,,,,0.0407,,,,,0.044,,,,,0.0473,,,,,0.078,,,,,0.12,,,,,0.16,,,,,0.205,,,,,0.268,,,,,0.327,0.34,0.347,0.36,0.367,0.38,0.387,0.387,0.393,0.4,0.407,0.413,0.413,0.42,0.427,0.427,0.433,0.433,0.44,0.447,0.447,0.453,0.453,0.46,0.46,0.46,0.473,0.473
Greece,0.0427,,,,,0.0507,,,,,0.058,,,,,0.066,,,,,0.074,,,,,0.0827,,,,,0.0973,,,,,0.109,,,,,0.121,,,,,0.138,,,,,0.152,,,,,0.177,,,,,0.199,,,,,0.226,,,,,0.247,,,,,0.274,,,,,0.253,,,,,0.336,,,,,0.457,,,,,0.405,,,,,0.403,,,,,0.418,,,,,0.437,,,,,0.485,,,,,0.526,0.527,0.533,0.54,0.54,0.547,0.553,0.553,0.56,0.567,0.573,0.587,0.607,0.62,0.64,0.653,0.66,0.667,0.673,0.673,0.687,0.687,0.687,0.693,0.7,0.707,0.72,0.72
Grenada,,,,,,,,,,,,,,,,,,,,,,,,,,,,,,,,,,,,,,,,,,,,,,,,,,,,,,,,,,,,,,,,,,,,,,,,,,,,,,,,,,,,,,,,,,,,,,,,,,,,,,,,,,,,,,,,,,,,,,,,,,,,,,,,,,,,,0.493,0.507,0.513,0.52,0.527,0.533,0.54,0.547,0.553,0.56,0.56,0.567,0.573,0.58,0.58,0.58
Guatemala,0.0113,,,,,0.0133,,,,,0.0167,,,,,0.02,,,,,0.024,,,,,0.0287,,,,,0.0427,,,,,0.0513,,,,,0.06,,,,,0.076,,,,,0.0867,,,,,0.084,,,,,0.0847,,,,,0.0873,,,,,0.088,,,,,0.09,,,,,0.0813,,,,,0.0833,,,,,0.0833,,,,,0.0847,,,,,0.09,,,,,0.103,,,,,0.157,,,,,0.181,,,,,0.203,0.213,0.22,0.22,0.227,0.233,0.233,0.24,0.24,0.24,0.247,0.253,0.253,0.247,0.24,0.233,0.247,0.26,0.287,0.307,0.327,0.353,0.307,0.313,0.427,0.42,0.433,0.433
Guinea,,,,,,,,,,,,,,,,,,,,,,,,,,,,,,,,,,,,,,,,,,,,,,,,,,,,,,,,,,,,,,,,,,,,,,,,,,,,,,,,,,,,,,,,,,,,,,,,,,,,,,,,,,,,,,,,,,,,,,,,,,0.08,0.08,0.0867,0.0867,0.0867,0.0933,0.0933,0.0933,0.0933,0.1,0.1,0.1,0.1,0.107,0.107,0.107,0.107,0.107,0.107,0.107,0.133,0.16,0.173,0.173,0.173,0.173,0.173
Guinea-Bissau,,,,,,,,,,,,,,,,,,,,,,,,,,,,,,,,,,,,,,,,,,,,,,,,,,,,,,,,,,,,,,,,,,,,,,,,,,,,,,,,,,,,,,,,,,,,,,,,,,,,,,,,,,,,,,,,,,,,,,,,,,,,,,,,,,,,,,,,0.153,0.153,0.153,0.16,0.167,0.173,0.18,0.187,0.187,0.193,0.193,0.2,0.2
Guyana,0.01,,,,,0.014,,,,,0.02,,,,,0.0327,,,,,0.0513,,,,,0.07,,,,,0.086,,,,,0.101,,,,,0.119,,,,,0.132,,,,,0.153,,,,,0.172,,,,,0.188,,,,,0.202,,,,,0.215,,,,,0.227,,,,,0.27,,,,,0.295,,,,,0.305,,,,,0.319,,,,,0.331,,,,,0.358,,,,,0.388,,,,,0.421,,,,,0.451,0.46,0.467,0.467,0.473,0.48,0.487,0.493,0.5,0.507,0.513,0.52,0.52,0.52,0.527,0.527,0.527,0.533,0.533,0.533,0.54,0.547,0.553,0.553,0.56,0.56,0.56,0.56
Haiti,0.000667,,,,,0.000667,,,,,0.000667,,,,,0.000667,,,,,0.000667,,,,,0.000667,,,,,0.00733,,,,,0.012,,,,,0.0173,,,,,0.022,,,,,0.026,,,,,0.0287,,,,,0.0307,,,,,0.0327,,,,,0.0333,,,,,0.0353,,,,,0.0373,,,,,0.0393,,,,,0.044,,,,,0.0513,,,,,0.06,,,,,0.078,,,,,0.096,,,,,0.147,,,,,0.179,0.187,0.193,0.2,0.207,0.213,0.22,0.227,0.233,0.24,0.253,0.26,0.267,0.273,0.28,0.287,0.293,0.3,0.307,0.313,0.313,0.32,0.327,0.333,0.34,0.347,0.347,0.353
Honduras,0.012,,,,,0.0147,,,,,0.018,,,,,0.0227,,,,,0.0273,,,,,0.0333,,,,,0.04,,,,,0.0473,,,,,0.062,,,,,0.074,,,,,0.084,,,,,0.092,,,,,0.098,,,,,0.101,,,,,0.104,,,,,0.106,,,,,0.107,,,,,0.111,,,,,0.113,,,,,0.115,,,,,0.127,,,,,0.139,,,,,0.192,,,,,0.247,,,,,0.285,0.233,0.24,0.247,0.253,0.26,0.26,0.267,0.273,0.28,0.287,0.293,0.3,0.307,0.307,0.313,0.32,0.333,0.34,0.347,0.36,0.373,0.367,0.387,0.413,0.42,0.433,0.433
Hungary,0.103,,,,,0.116,,,,,0.128,,,,,0.142,,,,,0.161,,,,,0.181,,,,,0.202,,,,,0.225,,,,,0.249,,,,,0.274,,,,,0.3,,,,,0.328,,,,,0.353,,,,,0.379,,,,,0.406,,,,,0.439,,,,,0.463,,,,,0.475,,,,,0.484,,,,,0.495,,,,,0.521,,,,,0.549,,,,,0.579,,,,,0.587,,,,,0.579,0.6,0.62,0.647,0.667,0.687,0.687,0.687,0.687,0.68,0.68,0.687,0.687,0.7,0.707,0.727,0.74,0.753,0.767,0.78,0.793,0.8,0.813,0.8,0.787,0.787,0.793,0.793
Iceland,0.0493,,,,,0.0527,,,,,0.058,,,,,0.064,,,,,0.0707,,,,,0.078,,,,,0.086,,,,,0.0947,,,,,0.133,,,,,0.168,,,,,0.201,,,,,0.234,,,,,0.263,,,,,0.292,,,,,0.319,,,,,0.345,,,,,0.36,,,,,0.376,,,,,0.388,,,,,0.409,,,,,0.434,,,,,0.463,,,,,0.498,,,,,0.531,,,,,0.564,0.573,0.573,0.58,0.587,0.593,0.6,0.607,0.613,0.62,0.627,0.64,0.647,0.653,0.66,0.667,0.68,0.687,0.693,0.7,0.707,0.733,0.767,0.793,0.813,0.813,0.827,0.827
India,0.00133,,,,,0.002,,,,,0.002,,,,,0.00267,,,,,0.004,,,,,0.00533,,,,,0.008,,,,,0.01,,,,,0.0167,,,,,0.0233,,,,,0.03,,,,,0.0367,,,,,0.0447,,,,,0.0507,,,,,0.0553,,,,,0.0607,,,,,0.0613,,,,,0.066,,,,,0.0627,,,,,0.0767,,,,,0.0827,,,,,0.101,,,,,0.125,,,,,0.159,,,,,0.197,0.207,0.213,0.22,0.227,0.233,0.247,0.26,0.267,0.28,0.293,0.3,0.307,0.313,0.313,0.32,0.327,0.333,0.347,0.353,0.36,0.36,0.373,0.387,0.407,0.42,0.427,0.427
Indonesia,0.000667,,,,,0.000667,,,,,0.000667,,,,,0.000667,,,,,0.000667,,,,,0.00133,,,,,0.00133,,,,,0.002,,,,,0.006,,,,,0.00933,,,,,0.0127,,,,,0.0173,,,,,0.0213,,,,,0.0287,,,,,0.0347,,,,,0.0447,,,,,0.0493,,,,,0.0607,,,,,0.074,,,,,0.108,,,,,0.151,,,,,0.172,,,,,0.206,,,,,0.215,,,,,0.219,0.233,0.247,0.26,0.267,0.28,0.313,0.347,0.38,0.413,0.447,0.46,0.467,0.48,0.487,0.493,0.527,0.473,0.473,0.493,0.493,0.507,0.507,0.52,0.52,0.527,0.533,0.533
Iran,0.000667,,,,,0.000667,,,,,0.000667,,,,,0.000667,,,,,0.000667,,,,,0.000667,,,,,0.000667,,,,,0.00133,,,,,0.002,,,,,0.00267,,,,,0.004,,,,,0.00533,,,,,0.00867,,,,,0.0107,,,,,0.016,,,,,0.02,,,,,0.0227,,,,,0.0307,,,,,0.04,,,,,0.0567,,,,,0.078,,,,,0.109,,,,,0.153,,,,,0.214,,,,,0.281,0.293,0.307,0.32,0.34,0.353,0.367,0.373,0.387,0.4,0.413,0.427,0.433,0.447,0.46,0.467,0.607,0.593,0.573,0.587,0.6,0.613,0.633,0.653,0.653,0.653,0.653,0.653
Iraq,0.000667,,,,,0.000667,,,,,0.000667,,,,,0.000667,,,,,0.000667,,,,,0.000667,,,,,0.000667,,,,,0.000667,,,,,0.00133,,,,,0.00133,,,,,0.002,,,,,0.002,,,,,0.00333,,,,,0.004,,,,,0.006,,,,,0.008,,,,,0.012,,,,,0.014,,,,,0.0213,,,,,0.0267,,,,,0.0433,,,,,0.068,,,,,0.107,,,,,0.151,,,,,0.213,0.227,0.24,0.253,0.267,0.28,0.287,0.3,0.313,0.327,0.333,0.347,0.36,0.367,0.38,0.387,0.393,0.407,0.413,0.42,0.427,0.44,0.44,0.44,0.44,0.44,0.447,0.453
Ireland,0.0413,,,,,0.0467,,,,,0.0527,,,,,0.06,,,,,0.068,,,,,0.078,,,,,0.0907,,,,,0.105,,,,,0.122,,,,,0.144,,,,,0.169,,,,,0.195,,,,,0.231,,,,,0.27,,,,,0.318,,,,,0.365,,,,,0.406,,,,,0.419,,,,,0.436,,,,,0.458,,,,,0.467,,,,,0.509,,,,,0.56,,,,,0.617,,,,,0.649,0.66,0.667,0.673,0.687,0.693,0.7,0.707,0.713,0.72,0.72,0.733,0.747,0.76,0.773,0.78,0.787,0.793,0.8,0.807,0.813,0.727,0.753,0.787,0.82,0.82,0.833,0.833
Israel,,,,,,,,,,,,,,,,,,,,,,,,,,,,,,,,,,,,,,,,,,,,,,,,,,,,,,,,,,,,,,,,,,,,,,,,,,,,,,,,,0.484,,,,,0.492,,,,,0.496,,,,,0.517,,,,,0.551,,,,,0.605,,,,,0.662,,,,,0.694,,,,,0.735,0.733,0.74,0.753,0.76,0.773,0.78,0.787,0.787,0.793,0.8,0.807,0.807,0.813,0.813,0.82,0.807,0.833,0.84,0.84,0.84,0.847,0.853,0.853,0.86,0.867,0.867,0.867
Italy,0.0513,,,,,0.0567,,,,,0.062,,,,,0.068,,,,,0.0767,,,,,0.086,,,,,0.098,,,,,0.112,,,,,0.126,,,,,0.145,,,,,0.163,,,,,0.184,,,,,0.204,,,,,0.225,,,,,0.241,,,,,0.263,,,,,0.269,,,,,0.289,,,,,0.307,,,,,0.325,,,,,0.345,,,,,0.379,,,,,0.413,,,,,0.446,,,,,0.486,0.493,0.5,0.513,0.52,0.527,0.54,0.547,0.553,0.56,0.573,0.58,0.587,0.593,0.607,0.613,0.62,0.627,0.633,0.64,0.647,0.653,0.66,0.687,0.673,0.68,0.68,0.68
Jamaica,0.0353,,,,,0.04,,,,,0.0467,,,,,0.0547,,,,,0.0653,,,,,0.0813,,,,,0.101,,,,,0.123,,,,,0.144,,,,,0.161,,,,,0.175,,,,,0.189,,,,,0.2,,,,,0.209,,,,,0.215,,,,,0.223,,,,,0.227,,,,,0.235,,,,,0.243,,,,,0.266,,,,,0.295,,,,,0.316,,,,,0.351,,,,,0.389,,,,,0.431,0.393,0.407,0.413,0.427,0.44,0.447,0.46,0.467,0.48,0.487,0.5,0.513,0.52,0.533,0.54,0.553,0.56,0.573,0.587,0.593,0.6,0.613,0.627,0.64,0.64,0.653,0.653
Japan,0.028,,,,,0.0333,,,,,0.0393,,,,,0.0467,,,,,0.0693,,,,,0.0693,,,,,0.086,,,,,0.107,,,,,0.129,,,,,0.152,,,,,0.184,,,,,0.221,,,,,0.259,,,,,0.304,,,,,0.341,,,,,0.379,,,,,0.394,,,,,0.434,,,,,0.465,,,,,0.463,,,,,0.472,,,,,0.527,,,,,0.581,,,,,0.617,,,,,0.641,0.647,0.653,0.667,0.673,0.68,0.687,0.693,0.7,0.707,0.713,0.72,0.727,0.733,0.74,0.747,0.747,0.753,0.76,0.76,0.767,0.787,0.8,0.813,0.833,0.833,0.847,0.853
Jordan,0.000667,,,,,0.000667,,,,,0.000667,,,,,0.000667,,,,,0.00133,,,,,0.00133,,,,,0.002,,,,,0.002,,,,,0.00867,,,,,0.0133,,,,,0.018,,,,,0.0213,,,,,0.0247,,,,,0.0273,,,,,0.0407,,,,,0.0513,,,,,0.062,,,,,0.0807,,,,,0.0947,,,,,0.119,,,,,0.15,,,,,0.185,,,,,0.204,,,,,0.271,,,,,0.35,0.393,0.453,0.507,0.567,0.62,0.62,0.627,0.627,0.633,0.633,0.64,0.64,0.647,0.647,0.647,0.653,0.653,0.653,0.66,0.653,0.66,0.66,0.66,0.673,0.687,0.693,0.693
Kazakhstan,,,,,,,,,,,,,,,,,,,,,,,,,,,,,,,,,,,,,,,,,,,,,,,,,,,,,,,,,,,,,,,,,,,,,,,,,,,,,,,,,0.149,,,,,0.18,,,,,0.205,,,,,0.262,,,,,0.297,,,,,0.357,,,,,0.42,,,,,0.485,,,,,0.537,0.553,0.567,0.587,0.6,0.62,0.633,0.653,0.667,0.68,0.7,0.713,0.733,0.747,0.767,0.78,0.78,0.773,0.767,0.767,0.76,0.767,0.767,0.773,0.78,0.78,0.78,0.787
Kenya,0.000667,,,,,0.000667,,,,,0.000667,,,,,0.000667,,,,,0.000667,,,,,0.00133,,,,,0.00133,,,,,0.002,,,,,0.012,,,,,0.02,,,,,0.0267,,,,,0.0327,,,,,0.038,,,,,0.042,,,,,0.046,,,,,0.056,,,,,0.0607,,,,,0.0713,,,,,0.0807,,,,,0.0853,,,,,0.0967,,,,,0.124,,,,,0.166,,,,,0.206,,,,,0.248,0.26,0.267,0.28,0.293,0.3,0.313,0.32,0.333,0.34,0.353,0.36,0.367,0.373,0.38,0.387,0.393,0.4,0.4,0.407,0.407,0.413,0.413,0.42,0.42,0.42,0.427,0.433
Kiribati,,,,,,,,,,,,,,,,,,,,,,,,,,,,,,,,,,,,,,,,,,,,,,,,,,,,,,,,,,,,,,,,,,,,,,,,,,,,,,,,,,,,,,,,,,,,,,,,,,,,,,,,,,,,,,,,,,,,,,,,,,,,,,,,,,,0.453,0.46,0.467,0.473,0.48,0.487,0.493,0.5,0.507,0.52,0.527,0.527,0.527,0.527,0.527,0.527,0.527,0.527
Kuwait,0.000667,,,,,0.000667,,,,,0.000667,,,,,0.000667,,,,,0.000667,,,,,0.000667,,,,,0.000667,,,,,0.000667,,,,,0.000667,,,,,0.006,,,,,0.01,,,,,0.0133,,,,,0.0153,,,,,0.0307,,,,,0.042,,,,,0.066,,,,,0.0787,,,,,0.111,,,,,0.14,,,,,0.175,,,,,0.193,,,,,0.201,,,,,0.285,,,,,0.351,,,,,0.367,0.367,0.373,0.38,0.38,0.387,0.393,0.4,0.4,0.407,0.413,0.413,0.407,0.407,0.407,0.387,0.413,0.42,0.433,0.44,0.453,0.467,0.48,0.447,0.46,0.473,0.48,0.487
Kyrgyz Republic,,,,,,,,,,,,,,,,,,,,,,,,,,,,,,,,,,,,,,,,,,,,,,,,,,,,,,,,,,,,,,,,,,,,,,,,,,,,,,,,,0.238,,,,,0.262,,,,,0.283,,,,,0.323,,,,,0.355,,,,,0.402,,,,,0.46,,,,,0.523,,,,,0.571,0.58,0.587,0.593,0.6,0.607,0.613,0.627,0.633,0.653,0.653,0.66,0.667,0.667,0.673,0.68,0.68,0.687,0.687,0.693,0.707,0.707,0.713,0.713,0.72,0.72,0.727,0.727
Lao,,,,,,,,,,,,,,,,,,,,,,,,,,,,,,,,,,,,,,,,,,,,,,,,,,,,,,,,,,,,,,,,,,,,,,,,,,,,,,,,,0.0473,,,,,0.0553,,,,,0.0647,,,,,0.078,,,,,0.0933,,,,,0.115,,,,,0.143,,,,,0.168,,,,,0.206,0.213,0.22,0.227,0.233,0.24,0.24,0.247,0.253,0.253,0.26,0.267,0.267,0.273,0.28,0.28,0.287,0.293,0.293,0.3,0.307,0.32,0.333,0.34,0.333,0.34,0.347,0.347
Latvia,,,,,,,,,,,,,,,,,,,,,,,,,,,,,,,,,,,,,,,,,,,,,,,,,,,,,,,,,,,,,,,,,,,,,,,,,,,,,,,,,0.246,,,,,0.265,,,,,0.286,,,,,0.316,,,,,0.343,,,,,0.388,,,,,0.422,,,,,0.461,,,,,0.504,0.52,0.54,0.56,0.573,0.593,0.6,0.607,0.613,0.627,0.633,0.667,0.707,0.747,0.78,0.807,0.813,0.82,0.813,0.82,0.833,0.84,0.84,0.847,0.86,0.853,0.853,0.853
Lebanon,,,,,,,,,,,,,,,,,,,,,,,,,,,,,,,,,,,,,,,,,,,,,,,,,,,,,,,,,,,,,,,,,,,,,,,,,,,,,,,,,,,,,,,,,,,,,,,,,,,,,,,,,,,,,,,,,,,,,,,,,,,,,,,,,,,,,,,,0.5,0.507,0.52,0.52,0.527,0.527,0.533,0.54,0.553,0.56,0.567,0.573,0.58
Lesotho,0.00133,,,,,0.002,,,,,0.00267,,,,,0.004,,,,,0.00533,,,,,0.008,,,,,0.0113,,,,,0.016,,,,,0.022,,,,,0.0353,,,,,0.0453,,,,,0.054,,,,,0.074,,,,,0.0893,,,,,0.111,,,,,0.128,,,,,0.143,,,,,0.16,,,,,0.177,,,,,0.185,,,,,0.212,,,,,0.227,,,,,0.246,,,,,0.275,,,,,0.311,0.3,0.3,0.3,0.307,0.307,0.313,0.313,0.32,0.32,0.327,0.333,0.34,0.34,0.347,0.353,0.36,0.367,0.36,0.393,0.373,0.387,0.393,0.4,0.407,0.407,0.42,0.42
Liberia,0.002,,,,,0.00267,,,,,0.00333,,,,,0.004,,,,,0.00533,,,,,0.00667,,,,,0.008,,,,,0.01,,,,,0.0167,,,,,0.0213,,,,,0.026,,,,,0.0293,,,,,0.0327,,,,,0.0347,,,,,0.0367,,,,,0.038,,,,,0.038,,,,,0.038,,,,,0.038,,,,,0.0513,,,,,0.066,,,,,0.078,,,,,0.103,,,,,0.135,,,,,0.173,0.18,0.187,0.193,0.2,0.207,0.213,0.213,0.22,0.227,0.233,0.233,0.24,0.247,0.247,0.253,0.253,0.26,0.267,0.267,0.273,0.28,0.287,0.293,0.293,0.293,0.3,0.313
Libya,0.000667,,,,,0.000667,,,,,0.000667,,,,,0.000667,,,,,0.000667,,,,,0.000667,,,,,0.000667,,,,,0.000667,,,,,0.000667,,,,,0.004,,,,,0.006,,,,,0.008,,,,,0.0133,,,,,0.018,,,,,0.022,,,,,0.0253,,,,,0.026,,,,,0.028,,,,,0.036,,,,,0.042,,,,,0.0667,,,,,0.0887,,,,,0.149,,,,,0.213,,,,,0.254,0.267,0.28,0.287,0.3,0.313,0.327,0.333,0.347,0.36,0.373,0.387,0.393,0.407,0.42,0.427,0.44,0.453,0.467,0.473,0.487,0.487,0.487,0.487,0.487,0.487,0.487,0.487
Liechtenstein,,,,,,,,,,,,,,,,,,,,,,,,,,,,,,,,,,,,,,,,,,,,,,,,,,,,,,,,,,,,,,,,,,,,,,,,,,,,,,,,,,,,,,,,,,,,,,,,,,,,,,,,,,,,,,,,,,,,,,,,,,0.613,0.613,0.62,0.62,0.62,0.633,0.647,0.66,0.673,0.68,0.693,0.7,0.713,0.72,0.733,0.747,0.76,0.78,0.787,0.807,0.813,0.82,0.827,0.827,0.827,0.833,0.833
Lithuania,,,,,,,,,,,,,,,,,,,,,,,,,,,,,,,,,,,,,,,,,,,,,,,,,,,,,,,,,,,,,,,,,,,,,,,,,,,,,,,,,0.189,,,,,0.231,,,,,0.263,,,,,0.307,,,,,0.346,,,,,0.399,,,,,0.444,,,,,0.493,,,,,0.55,0.613,0.627,0.633,0.647,0.66,0.667,0.68,0.693,0.707,0.713,0.727,0.74,0.753,0.767,0.787,0.8,0.807,0.813,0.767,0.773,0.787,0.78,0.793,0.867,0.867,0.867,0.867
Luxembourg,0.002,,,,,0.002,,,,,0.00267,,,,,0.00333,,,,,0.00467,,,,,0.006,,,,,0.00733,,,,,0.00933,,,,,0.0113,,,,,0.0133,,,,,0.016,,,,,0.0213,,,,,0.028,,,,,0.0333,,,,,0.0933,,,,,0.14,,,,,0.179,,,,,0.23,,,,,0.277,,,,,0.334,,,,,0.39,,,,,0.525,,,,,0.548,,,,,0.572,,,,,0.595,0.593,0.6,0.607,0.613,0.62,0.633,0.647,0.66,0.673,0.687,0.7,0.713,0.727,0.74,0.753,0.767,0.78,0.78,0.787,0.787,0.787,0.787,0.787,0.8,0.8,0.807,0.807
Madagascar,,,,,,,,,,,,,,,,,,,,,,,,,,,,,,,,,,,,,,,,,,,,,,,,,,,,,,,,,,,,,,,,,,,,,,,,,,,,,,,,,,,,,,,,,,,,,,,,,,,,,,,,,,,,,,,,,,,,,,,,,,,,,,,,,,,0.347,0.347,0.353,0.36,0.367,0.373,0.38,0.387,0.393,0.393,0.4,0.407,0.407,0.407,0.407,0.407,0.407,0.407
Malawi,0.000667,,,,,0.000667,,,,,0.000667,,,,,0.000667,,,,,0.000667,,,,,0.000667,,,,,0.000667,,,,,0.000667,,,,,0.000667,,,,,0.0113,,,,,0.0187,,,,,0.0253,,,,,0.032,,,,,0.038,,,,,0.0433,,,,,0.0473,,,,,0.052,,,,,0.0547,,,,,0.06,,,,,0.0627,,,,,0.08,,,,,0.096,,,,,0.117,,,,,0.139,,,,,0.163,0.167,0.173,0.173,0.18,0.18,0.187,0.187,0.193,0.2,0.2,0.207,0.213,0.22,0.22,0.227,0.24,0.253,0.26,0.273,0.287,0.287,0.287,0.293,0.293,0.293,0.3,0.3
Malaysia,0.000667,,,,,0.000667,,,,,0.00133,,,,,0.00133,,,,,0.002,,,,,0.00267,,,,,0.004,,,,,0.00533,,,,,0.0173,,,,,0.0287,,,,,0.038,,,,,0.0627,,,,,0.084,,,,,0.0987,,,,,0.11,,,,,0.119,,,,,0.119,,,,,0.135,,,,,0.151,,,,,0.175,,,,,0.201,,,,,0.248,,,,,0.294,,,,,0.365,,,,,0.435,0.447,0.46,0.473,0.493,0.507,0.52,0.533,0.547,0.56,0.573,0.56,0.547,0.533,0.52,0.507,0.547,0.587,0.627,0.64,0.653,0.673,0.673,0.673,0.673,0.68,0.68,0.68
Maldives,,,,,,,,,,,,,,,,,,,,,,,,,,,,,,,,,,,,,,,,,,,,,,,,,,,,,,,,,,,,,,,,,,,,,,,,,,,,,,,,,0.195,,,,,0.209,,,,,0.228,,,,,0.237,,,,,0.269,,,,,0.281,,,,,0.298,,,,,0.31,,,,,0.269,0.26,0.253,0.247,0.24,0.233,0.227,0.22,0.213,0.207,0.2,0.207,0.213,0.22,0.227,0.233,0.24,0.26,0.287,0.313,0.327,0.347,0.367,0.38,0.413,0.42,0.42,0.42
Mali,0.000667,,,,,0.000667,,,,,0.000667,,,,,0.000667,,,,,0.000667,,,,,0.000667,,,,,0.000667,,,,,0.000667,,,,,0.000667,,,,,0.000667,,,,,0.000667,,,,,0.00133,,,,,0.002,,,,,0.00267,,,,,0.00333,,,,,0.00467,,,,,0.006,,,,,0.00667,,,,,0.00867,,,,,0.01,,,,,0.0133,,,,,0.0153,,,,,0.0253,,,,,0.036,,,,,0.048,0.0467,0.0533,0.0533,0.06,0.06,0.0667,0.0667,0.0733,0.0733,0.08,0.0867,0.0933,0.1,0.107,0.113,0.113,0.12,0.127,0.127,0.133,0.133,0.14,0.147,0.153,0.153,0.153,0.153
Malta,0.0153,,,,,0.0187,,,,,0.0227,,,,,0.0267,,,,,0.032,,,,,0.038,,,,,0.06,,,,,0.076,,,,,0.0927,,,,,0.106,,,,,0.119,,,,,0.137,,,,,0.152,,,,,0.171,,,,,0.181,,,,,0.199,,,,,0.206,,,,,0.226,,,,,0.26,,,,,0.301,,,,,0.351,,,,,0.39,,,,,0.425,,,,,0.485,,,,,0.535,0.493,0.493,0.493,0.493,0.493,0.507,0.513,0.52,0.527,0.54,0.547,0.553,0.567,0.573,0.653,0.653,0.66,0.667,0.68,0.687,0.7,0.72,0.733,0.74,0.747,0.753,0.753
Marshall Islands,,,,,,,,,,,,,,,,,,,,,,,,,,,,,,,,,,,,,,,,,,,,,,,,,,,,,,,,,,,,,,,,,,,,,,,,,,,,,,,,,,,,,,,,,,,,,,,,,,,,,,,,,,,,,,,,,,,,,,,,,,,,,,,,,,,,,,,,,,,,,,0.72,0.72,0.72,0.72,0.72,0.72,0.727
Mauritania,,,,,,,,,,,,,,,,,,,,,,,,,,,,,,,,,,,,,,,,,,,,,,,,,,,,,,,,,,,,,,,,,,,,,,,,,,,,,,,,,0.078,,,,,0.0847,,,,,0.0907,,,,,0.0967,,,,,0.101,,,,,0.113,,,,,0.119,,,,,0.133,,,,,0.149,0.153,0.16,0.167,0.167,0.173,0.18,0.187,0.187,0.193,0.2,0.2,0.207,0.213,0.22,0.227,0.227,0.233,0.24,0.247,0.253,0.26,0.267,0.273,0.287,0.287,0.293,0.3
Mauritius,0.00867,,,,,0.0113,,,,,0.014,,,,,0.018,,,,,0.0227,,,,,0.0293,,,,,0.0547,,,,,0.0747,,,,,0.094,,,,,0.107,,,,,0.118,,,,,0.127,,,,,0.134,,,,,0.142,,,,,0.147,,,,,0.15,,,,,0.157,,,,,0.166,,,,,0.177,,,,,0.22,,,,,0.247,,,,,0.274,,,,,0.296,,,,,0.322,,,,,0.38,0.387,0.393,0.4,0.407,0.42,0.413,0.413,0.413,0.413,0.413,0.427,0.44,0.453,0.467,0.48,0.493,0.507,0.52,0.533,0.547,0.567,0.573,0.593,0.607,0.607,0.62,0.62
Mexico,0.0187,,,,,0.0227,,,,,0.0273,,,,,0.0333,,,,,0.0393,,,,,0.0453,,,,,0.0507,,,,,0.056,,,,,0.08,,,,,0.094,,,,,0.109,,,,,0.121,,,,,0.131,,,,,0.137,,,,,0.141,,,,,0.145,,,,,0.145,,,,,0.145,,,,,0.155,,,,,0.169,,,,,0.193,,,,,0.222,,,,,0.261,,,,,0.32,,,,,0.371,0.38,0.393,0.407,0.413,0.427,0.433,0.433,0.44,0.44,0.447,0.453,0.467,0.473,0.493,0.507,0.533,0.533,0.533,0.547,0.533,0.56,0.573,0.56,0.56,0.573,0.573,0.573
Moldova,,,,,,,,,,,,,,,,,,,,,,,,,,,,,,,,,,,,,,,,,,,,,,,,,,,,,,,,,,,,,,,,,,,,,,,,,,,,,,,,,0.157,,,,,0.183,,,,,0.211,,,,,0.265,,,,,0.306,,,,,0.364,,,,,0.429,,,,,0.489,,,,,0.539,0.54,0.547,0.553,0.567,0.573,0.58,0.587,0.587,0.593,0.6,0.62,0.64,0.653,0.673,0.693,0.707,0.727,0.727,0.733,0.74,0.74,0.76,0.773,0.773,0.773,0.773,0.773
Mongolia,,,,,,,,,,,,,,,,,,,,,,,,,,,,,,,,,,,,,,,,,,,,,,,,,,,,,,,,,,,,,,,,,,,,,,,,,,,,,,,,,0.0447,,,,,0.0707,,,,,0.0933,,,,,0.135,,,,,0.185,,,,,0.325,,,,,0.389,,,,,0.449,,,,,0.513,0.513,0.513,0.52,0.52,0.52,0.527,0.533,0.533,0.54,0.547,0.553,0.56,0.56,0.567,0.573,0.587,0.593,0.6,0.607,0.633,0.653,0.66,0.667,0.673,0.673,0.673,0.673
Montenegro,,,,,,,,,,,,,,,,,,,,,,,,,,,,,,,,,,,,,,,,,,,,,,,,,,,,,,,,,,,,,,,,,,,,,,,,,,,,,,,,,,,,,,,,,,,,,,,,,,,,,,,,,,,,,,,,,,,,,,,,,,,,,,,,,,,,,,0.687,0.693,0.7,0.713,0.72,0.727,0.733,0.74,0.74,0.747,0.747,0.753,0.753,0.753,0.753
Morocco,0.000667,,,,,0.000667,,,,,0.000667,,,,,0.000667,,,,,0.000667,,,,,0.000667,,,,,0.000667,,,,,0.000667,,,,,0.000667,,,,,0.000667,,,,,0.00333,,,,,0.00533,,,,,0.00733,,,,,0.01,,,,,0.012,,,,,0.0147,,,,,0.016,,,,,0.02,,,,,0.0227,,,,,0.0313,,,,,0.038,,,,,0.0573,,,,,0.078,,,,,0.108,,,,,0.141,0.153,0.16,0.167,0.18,0.187,0.193,0.2,0.207,0.213,0.227,0.233,0.24,0.247,0.253,0.26,0.267,0.267,0.273,0.28,0.28,0.293,0.307,0.32,0.333,0.333,0.36,0.367
Mozambique,0.000667,,,,,0.000667,,,,,0.000667,,,,,0.000667,,,,,0.000667,,,,,0.000667,,,,,0.000667,,,,,0.000667,,,,,0.00133,,,,,0.00133,,,,,0.00133,,,,,0.002,,,,,0.006,,,,,0.00867,,,,,0.012,,,,,0.0133,,,,,0.0133,,,,,0.0267,,,,,0.0387,,,,,0.05,,,,,0.0587,,,,,0.0553,,,,,0.0487,,,,,0.0553,,,,,0.0553,0.0667,0.0733,0.08,0.0867,0.1,0.113,0.127,0.133,0.14,0.147,0.16,0.167,0.173,0.187,0.193,0.193,0.2,0.207,0.207,0.213,0.213,0.22,0.227,0.227,0.233,0.233,0.233
Myanmar,0.002,,,,,0.00267,,,,,0.004,,,,,0.00533,,,,,0.008,,,,,0.0127,,,,,0.0173,,,,,0.024,,,,,0.0293,,,,,0.0347,,,,,0.0387,,,,,0.042,,,,,0.0513,,,,,0.0593,,,,,0.0653,,,,,0.0693,,,,,0.0733,,,,,0.082,,,,,0.0747,,,,,0.072,,,,,0.0747,,,,,0.0747,,,,,0.112,,,,,0.151,,,,,0.162,0.167,0.167,0.173,0.18,0.18,0.187,0.193,0.193,0.2,0.207,0.213,0.22,0.227,0.233,0.233,0.247,0.253,0.26,0.267,0.273,0.287,0.3,0.313,0.32,0.327,0.327,0.327
Namibia,,,,,,,,,,,,,,,,,,,,,,,,,,,,,,,,,,,,,,,,,,,,,,,,,,,,,,,,,,,,,,,,,,,,,,,,,,,,,,,,,0.167,,,,,0.187,,,,,0.203,,,,,0.211,,,,,0.227,,,,,0.253,,,,,0.284,,,,,0.324,,,,,0.373,0.373,0.373,0.373,0.38,0.38,0.373,0.373,0.373,0.373,0.373,0.387,0.387,0.387,0.393,0.4,0.4,0.407,0.407,0.413,0.413,0.42,0.427,0.44,0.447,0.447,0.453,0.453
Nepal,0.000667,,,,,0.000667,,,,,0.000667,,,,,0.000667,,,,,0.000667,,,,,0.000667,,,,,0.000667,,,,,0.000667,,,,,0.000667,,,,,0.000667,,,,,0.00133,,,,,0.00133,,,,,0.00133,,,,,0.002,,,,,0.00267,,,,,0.00333,,,,,0.00333,,,,,0.00467,,,,,0.00533,,,,,0.0107,,,,,0.0167,,,,,0.0293,,,,,0.042,,,,,0.0827,,,,,0.135,0.14,0.14,0.147,0.147,0.147,0.153,0.153,0.153,0.153,0.16,0.167,0.167,0.173,0.18,0.187,0.193,0.2,0.207,0.213,0.22,0.22,0.267,0.28,0.3,0.313,0.327,0.327
Netherlands,0.193,,,,,0.196,,,,,0.199,,,,,0.205,,,,,0.211,,,,,0.217,,,,,0.223,,,,,0.229,,,,,0.243,,,,,0.255,,,,,0.267,,,,,0.282,,,,,0.295,,,,,0.309,,,,,0.323,,,,,0.337,,,,,0.402,,,,,0.411,,,,,0.415,,,,,0.469,,,,,0.535,,,,,0.576,,,,,0.617,,,,,0.661,,,,,0.689,0.68,0.687,0.693,0.693,0.7,0.707,0.707,0.713,0.72,0.72,0.733,0.74,0.753,0.767,0.773,0.787,0.8,0.8,0.793,0.8,0.8,0.8,0.807,0.807,0.807,0.807,0.813
New Zealand,0.235,,,,,0.222,,,,,0.231,,,,,0.239,,,,,0.249,,,,,0.265,,,,,0.281,,,,,0.303,,,,,0.305,,,,,0.342,,,,,0.374,,,,,0.399,,,,,0.443,,,,,0.479,,,,,0.511,,,,,0.541,,,,,0.597,,,,,0.62,,,,,0.638,,,,,0.659,,,,,0.713,,,,,0.755,,,,,0.754,,,,,0.768,,,,,0.769,0.773,0.773,0.773,0.773,0.773,0.773,0.773,0.773,0.773,0.773,0.773,0.773,0.773,0.773,0.78,0.78,0.787,0.787,0.793,0.8,0.8,0.807,0.807,0.813,0.827,0.833,0.833
Nicaragua,0.008,,,,,0.01,,,,,0.012,,,,,0.0147,,,,,0.018,,,,,0.0227,,,,,0.0467,,,,,0.062,,,,,0.0767,,,,,0.0873,,,,,0.0967,,,,,0.102,,,,,0.107,,,,,0.109,,,,,0.108,,,,,0.107,,,,,0.102,,,,,0.112,,,,,0.129,,,,,0.15,,,,,0.177,,,,,0.192,,,,,0.214,,,,,0.242,,,,,0.273,0.28,0.287,0.293,0.3,0.307,0.313,0.32,0.327,0.333,0.34,0.347,0.347,0.353,0.36,0.367,0.373,0.38,0.387,0.393,0.4,0.407,0.42,0.427,0.433,0.433,0.447,0.447
Niger,0.000667,,,,,0.000667,,,,,0.000667,,,,,0.000667,,,,,0.000667,,,,,0.000667,,,,,0.000667,,,,,0.000667,,,,,0.000667,,,,,0.000667,,,,,0.000667,,,,,0.006,,,,,0.01,,,,,0.014,,,,,0.0173,,,,,0.02,,,,,0.0207,,,,,0.0227,,,,,0.026,,,,,0.0267,,,,,0.0273,,,,,0.0287,,,,,0.0307,,,,,0.0367,,,,,0.046,0.0467,0.0533,0.0533,0.0533,0.06,0.06,0.0667,0.0667,0.0733,0.0733,0.0733,0.08,0.08,0.0867,0.0867,0.0867,0.0933,0.0933,0.0933,0.0933,0.1,0.107,0.113,0.113,0.12,0.127,0.133
Nigeria,,,,,,,,,,,,,,,,,,,,,,,,,,,,,,,,,,,,,,,,,,,,,,,,,,,,,,,,,,,,,,,,,,,,,,,,,,,,,,,,,,,,,,,,,,,,,,,,,,,,,,,,,,,,,,,,,,,,,,,,,,,,,,,,,,,,,,0.347,0.347,0.347,0.347,0.347,0.347,0.347,0.347,0.367,0.38,0.393,0.393,0.4,0.413,0.413
North Macedonia,,,,,,,,,,,,,,,,,,,,,,,,,,,,,,,,,,,,,,,,,,,,,,,,,,,,,,,,,,,,,,,,,,,,,,,,,,,,,,,,,,,,,,,,,,,,,,,,,,,,,,,,,,,,,,,,,,,,,,,,,,,,,,,,,,,0.433,0.453,0.473,0.5,0.52,0.547,0.56,0.567,0.58,0.593,0.607,0.62,0.62,0.627,0.633,0.64,0.64,0.64
Norway,0.255,,,,,0.271,,,,,0.288,,,,,0.305,,,,,0.321,,,,,0.338,,,,,0.354,,,,,0.373,,,,,0.401,,,,,0.425,,,,,0.445,,,,,0.461,,,,,0.475,,,,,0.486,,,,,0.497,,,,,0.504,,,,,0.503,,,,,0.499,,,,,0.498,,,,,0.523,,,,,0.551,,,,,0.563,,,,,0.589,,,,,0.645,,,,,0.698,0.773,0.773,0.78,0.78,0.787,0.787,0.793,0.793,0.8,0.8,0.807,0.807,0.813,0.847,0.827,0.833,0.84,0.847,0.847,0.847,0.853,0.84,0.847,0.833,0.833,0.84,0.84
Oman,,,,,,,,,,,,,,,,,,,,,,,,,,,,,,,,,,,,,,,,,,,,,,,,,,,,,,,,,,,,,,,,,,,,,,,,,,,,,,,,,,,,,,,,,,,,,,,,,,,,,,,,,,,,,,,,,,,,,,,,,,,,,,,,,,,0.353,0.373,0.393,0.427,0.44,0.453,0.467,0.487,0.54,0.513,0.527,0.553,0.573,0.593,0.62,0.633,0.633,0.633
Pakistan,0.000667,,,,,0.000667,,,,,0.000667,,,,,0.000667,,,,,0.000667,,,,,0.000667,,,,,0.000667,,,,,0.000667,,,,,0.012,,,,,0.0207,,,,,0.0287,,,,,0.0347,,,,,0.04,,,,,0.044,,,,,0.0473,,,,,0.0507,,,,,0.0567,,,,,0.0573,,,,,0.0573,,,,,0.074,,,,,0.0873,,,,,0.103,,,,,0.117,,,,,0.139,,,,,0.152,0.16,0.167,0.173,0.18,0.187,0.193,0.2,0.207,0.213,0.22,0.233,0.253,0.267,0.287,0.3,0.293,0.293,0.293,0.3,0.313,0.32,0.32,0.327,0.34,0.34,0.347,0.347
Palau,,,,,,,,,,,,,,,,,,,,,,,,,,,,,,,,,,,,,,,,,,,,,,,,,,,,,,,,,,,,,,,,,,,,,,,,,,,,,,,,,,,,,,,,,,,,,,,,,,,,,,,,,,,,,,,,,,,,,,,,,,0.693,0.7,0.713,0.72,0.727,0.733,0.74,0.747,0.753,0.76,0.76,0.76,0.76,0.76,0.76,0.767,0.78,0.787,0.793,0.807,0.813,0.813,0.813,0.813,0.813,0.82,0.82
Palestine,,,,,,,,,,,,,,,,,,,,,,,,,,,,,,,,,,,,,,,,,,,,,,,,,,,,,,,,,,,,,,,,,,,,,,,,,,,,,,,,,,,,,,,,,,,,,,,,,,,,,,,,,,,,,,,,,,,,,,,,,,,,,,,,,,,,,,,0.513,0.52,0.527,0.533,0.547,0.567,0.567,0.58,0.6,0.593,0.593,0.6,0.607,0.607
Panama,0.004,,,,,0.00533,,,,,0.006,,,,,0.008,,,,,0.01,,,,,0.012,,,,,0.042,,,,,0.0613,,,,,0.0807,,,,,0.102,,,,,0.121,,,,,0.141,,,,,0.157,,,,,0.183,,,,,0.198,,,,,0.217,,,,,0.239,,,,,0.255,,,,,0.284,,,,,0.292,,,,,0.313,,,,,0.348,,,,,0.393,,,,,0.442,,,,,0.484,0.493,0.507,0.513,0.527,0.533,0.54,0.547,0.553,0.56,0.567,0.573,0.58,0.587,0.593,0.6,0.607,0.613,0.613,0.62,0.62,0.62,0.633,0.647,0.66,0.66,0.667,0.68
Papua New Guinea,,,,,,,,,,,,,,,,,,,,,,,,,,,,,,,,,,,,,,,,,,,,,,,,,,,,,,,,,,,,,,,,,,,,,,,,,,,,,,,,,0.014,,,,,0.0187,,,,,0.0227,,,,,0.0327,,,,,0.0627,,,,,0.064,,,,,0.0833,,,,,0.119,,,,,0.155,0.16,0.173,0.18,0.187,0.193,0.2,0.207,0.207,0.213,0.22,0.22,0.227,0.227,0.233,0.233,0.24,0.247,0.253,0.26,0.267,0.273,0.28,0.287,0.287,0.287,0.307,0.307
Paraguay,0.00333,,,,,0.004,,,,,0.00533,,,,,0.00667,,,,,0.00867,,,,,0.0107,,,,,0.0367,,,,,0.054,,,,,0.07,,,,,0.0893,,,,,0.105,,,,,0.127,,,,,0.145,,,,,0.162,,,,,0.173,,,,,0.187,,,,,0.17,,,,,0.188,,,,,0.207,,,,,0.225,,,,,0.249,,,,,0.273,,,,,0.309,,,,,0.351,,,,,0.382,0.387,0.393,0.4,0.4,0.407,0.407,0.4,0.4,0.393,0.393,0.413,0.433,0.467,0.473,0.487,0.473,0.473,0.493,0.467,0.513,0.52,0.52,0.553,0.547,0.567,0.56,0.56
Peru,0.000667,,,,,0.00133,,,,,0.002,,,,,0.00267,,,,,0.004,,,,,0.00533,,,,,0.008,,,,,0.0113,,,,,0.0333,,,,,0.0493,,,,,0.0653,,,,,0.088,,,,,0.107,,,,,0.127,,,,,0.142,,,,,0.161,,,,,0.164,,,,,0.18,,,,,0.194,,,,,0.217,,,,,0.245,,,,,0.297,,,,,0.351,,,,,0.389,,,,,0.435,0.447,0.46,0.467,0.473,0.487,0.493,0.5,0.513,0.52,0.533,0.54,0.553,0.56,0.573,0.58,0.54,0.54,0.56,0.56,0.56,0.607,0.573,0.587,0.627,0.607,0.613,0.613
Philippines,0.00133,,,,,0.002,,,,,0.00267,,,,,0.00333,,,,,0.004,,,,,0.00533,,,,,0.00867,,,,,0.0113,,,,,0.014,,,,,0.0247,,,,,0.0313,,,,,0.0487,,,,,0.06,,,,,0.0833,,,,,0.0987,,,,,0.117,,,,,0.125,,,,,0.182,,,,,0.201,,,,,0.233,,,,,0.269,,,,,0.307,,,,,0.359,,,,,0.414,,,,,0.439,0.447,0.453,0.46,0.467,0.473,0.48,0.487,0.493,0.5,0.507,0.513,0.527,0.533,0.573,0.58,0.587,0.593,0.6,0.6,0.593,0.6,0.607,0.607,0.613,0.62,0.62,0.62
Poland,0.0813,,,,,0.088,,,,,0.0947,,,,,0.102,,,,,0.11,,,,,0.118,,,,,0.126,,,,,0.135,,,,,0.161,,,,,0.181,,,,,0.199,,,,,0.217,,,,,0.244,,,,,0.279,,,,,0.307,,,,,0.33,,,,,0.333,,,,,0.357,,,,,0.376,,,,,0.425,,,,,0.463,,,,,0.509,,,,,0.517,,,,,0.552,,,,,0.597,0.66,0.673,0.68,0.693,0.7,0.707,0.713,0.72,0.727,0.74,0.74,0.76,0.767,0.773,0.773,0.78,0.787,0.793,0.807,0.813,0.82,0.78,0.807,0.753,0.807,0.813,0.82
Portugal,0.0127,,,,,0.0153,,,,,0.0193,,,,,0.024,,,,,0.03,,,,,0.0367,,,,,0.044,,,,,0.0513,,,,,0.0573,,,,,0.0627,,,,,0.0673,,,,,0.0747,,,,,0.0807,,,,,0.0873,,,,,0.0933,,,,,0.103,,,,,0.108,,,,,0.12,,,,,0.13,,,,,0.147,,,,,0.166,,,,,0.199,,,,,0.248,,,,,0.301,,,,,0.35,0.42,0.42,0.427,0.427,0.427,0.433,0.433,0.447,0.447,0.453,0.46,0.467,0.48,0.493,0.5,0.507,0.513,0.52,0.527,0.54,0.553,0.567,0.573,0.593,0.607,0.613,0.613
Qatar,,,,,,,,,,,,,,,,,,,,,,,,,,,,,,,,,,,,,,,,,,,,,,,,,,,,,,,,,,,,,,,,,,,,,,,,,,,,,,,,,0.07,,,,,0.09,,,,,0.123,,,,,0.162,,,,,0.217,,,,,0.247,,,,,0.294,,,,,0.331,,,,,0.359,0.367,0.373,0.38,0.387,0.393,0.42,0.447,0.473,0.5,0.527,0.533,0.54,0.547,0.56,0.587,0.613,0.64,0.647,0.613,0.56,0.58,0.613,0.66,0.653,0.653,0.653,0.653
Romania,0.00533,,,,,0.006,,,,,0.00733,,,,,0.008,,,,,0.00933,,,,,0.0107,,,,,0.0127,,,,,0.0153,,,,,0.02,,,,,0.0373,,,,,0.0647,,,,,0.0873,,,,,0.109,,,,,0.125,,,,,0.139,,,,,0.168,,,,,0.263,,,,,0.274,,,,,0.313,,,,,0.338,,,,,0.403,,,,,0.469,,,,,0.515,,,,,0.561,,,,,0.603,0.607,0.613,0.62,0.627,0.633,0.64,0.647,0.647,0.653,0.66,0.647,0.64,0.647,0.66,0.673,0.687,0.7,0.707,0.707,0.713,0.72,0.727,0.727,0.727,0.727,0.733,0.733
Russia,0.00733,,,,,0.00867,,,,,0.0107,,,,,0.0127,,,,,0.0147,,,,,0.0173,,,,,0.02,,,,,0.0247,,,,,0.032,,,,,0.0433,,,,,0.0587,,,,,0.0787,,,,,0.101,,,,,0.129,,,,,0.157,,,,,0.197,,,,,0.211,,,,,0.257,,,,,0.278,,,,,0.318,,,,,0.351,,,,,0.393,,,,,0.45,,,,,0.517,,,,,0.594,0.627,0.633,0.647,0.66,0.667,0.687,0.707,0.72,0.74,0.753,0.76,0.76,0.76,0.76,0.76,0.76,0.76,0.76,0.767,0.767,0.773,0.78,0.787,0.793,0.8,0.8,0.8
Rwanda,,,,,,,,,,,,,,,,,,,,,,,,,,,,,,,,,,,,,,,,,,,,,,,,,,,,,,,,,,,,,,,,,,,,,,,,,,,,,,,,,0.0133,,,,,0.0193,,,,,0.024,,,,,0.036,,,,,0.046,,,,,0.064,,,,,0.0807,,,,,0.101,,,,,0.117,0.12,0.12,0.127,0.127,0.133,0.133,0.14,0.14,0.147,0.153,0.16,0.167,0.173,0.18,0.187,0.193,0.207,0.213,0.22,0.253,0.253,0.247,0.253,0.267,0.267,0.273,0.273
Samoa,,,,,,,,,,,,,,,,,,,,,,,,,,,,,,,,,,,,,,,,,,,,,,,,,,,,,,,,,,,,,,,,,,,,,,,,,,,,,,,,,,,,,,,,,,,,,,,,,,,,,,,,,,,,,,,,,,,,,,,,,,0.513,0.52,0.533,0.54,0.547,0.553,0.567,0.573,0.58,0.587,0.593,0.607,0.613,0.62,0.627,0.633,0.647,0.653,0.66,0.667,0.68,0.68,0.687,0.687,0.687,0.687,0.687
Sao Tome and Principe,,,,,,,,,,,,,,,,,,,,,,,,,,,,,,,,,,,,,,,,,,,,,,,,,,,,,,,,,,,,,,,,,,,,,,,,,,,,,,,,,,,,,,,,,,,,,,,,,,,,,,,,,,,,,,,,,,,,,,,,,,0.2,0.207,0.22,0.227,0.233,0.247,0.253,0.26,0.273,0.28,0.287,0.287,0.293,0.293,0.3,0.3,0.307,0.313,0.32,0.327,0.333,0.34,0.347,0.353,0.373,0.4,0.42
Saudi Arabia,,,,,,,,,,,,,,,,,,,,,,,,,,,,,,,,,,,,,,,,,,,,,,,,,,,,,,,,,,,,,,,,,,,,,,,,,,,,,,,,,0.145,,,,,0.163,,,,,0.181,,,,,0.197,,,,,0.213,,,,,0.223,,,,,0.268,,,,,0.314,,,,,0.37,0.387,0.387,0.4,0.4,0.413,0.42,0.427,0.433,0.44,0.447,0.453,0.467,0.473,0.5,0.507,0.52,0.54,0.553,0.573,0.593,0.607,0.627,0.633,0.633,0.633,0.633,0.633
Senegal,0.000667,,,,,0.000667,,,,,0.000667,,,,,0.000667,,,,,0.000667,,,,,0.000667,,,,,0.000667,,,,,0.000667,,,,,0.00133,,,,,0.00133,,,,,0.002,,,,,0.0253,,,,,0.0433,,,,,0.0593,,,,,0.0733,,,,,0.0873,,,,,0.11,,,,,0.121,,,,,0.141,,,,,0.139,,,,,0.141,,,,,0.143,,,,,0.149,,,,,0.153,,,,,0.147,0.147,0.14,0.14,0.14,0.14,0.133,0.133,0.133,0.127,0.127,0.153,0.16,0.16,0.16,0.16,0.16,0.16,0.16,0.16,0.16,0.16,0.173,0.187,0.187,0.193,0.193,0.2
Serbia,0.004,,,,,0.00533,,,,,0.006,,,,,0.00733,,,,,0.01,,,,,0.014,,,,,0.0213,,,,,0.0487,,,,,0.068,,,,,0.0973,,,,,0.127,,,,,0.155,,,,,0.18,,,,,0.206,,,,,0.232,,,,,0.256,,,,,0.261,,,,,0.297,,,,,0.303,,,,,0.327,,,,,0.351,,,,,0.395,,,,,0.448,,,,,0.494,,,,,0.53,0.54,0.553,0.567,0.573,0.587,0.593,0.6,0.613,0.62,0.627,0.64,0.647,0.66,0.667,0.68,0.68,0.68,0.693,0.693,0.693,0.707,0.7,0.693,0.713,0.733,0.74,0.74
Seychelles,,,,,,,,,,,,,,,,,,,,,,,,,,,,,,,,,,,,,,,,,,,,,,,,,,,,,,,,,,,,,,,,,,,,,,,,,,,,,,,,,,,,,,,,,,,,,,,,,,,,,,,,,,,,,,,,,,,,,,,,,,,,,,,,,,,0.493,0.5,0.507,0.507,0.513,0.513,0.52,0.527,0.533,0.533,0.54,0.56,0.587,0.607,0.627,0.633,0.633,0.633
Sierra Leone,0.00133,,,,,0.00133,,,,,0.00133,,,,,0.002,,,,,0.00267,,,,,0.00267,,,,,0.00333,,,,,0.00467,,,,,0.006,,,,,0.00933,,,,,0.012,,,,,0.0147,,,,,0.0167,,,,,0.018,,,,,0.022,,,,,0.0253,,,,,0.0273,,,,,0.0287,,,,,0.0307,,,,,0.0353,,,,,0.0387,,,,,0.0487,,,,,0.064,,,,,0.0833,,,,,0.105,0.113,0.113,0.12,0.127,0.133,0.133,0.14,0.147,0.147,0.153,0.16,0.167,0.167,0.173,0.18,0.187,0.187,0.193,0.2,0.207,0.207,0.213,0.22,0.22,0.227,0.227,0.233
Singapore,,,,,,,,,,,,,,,,,,,,,,,,,,,,,,,,,,,,,,,,,,,,,,,,,,,,,,,,,,,,,,,,,,,,,,,,,,,,,,,,,0.143,,,,,0.167,,,,,0.187,,,,,0.222,,,,,0.251,,,,,0.259,,,,,0.249,,,,,0.339,,,,,0.386,0.407,0.427,0.447,0.467,0.487,0.507,0.533,0.553,0.573,0.593,0.613,0.633,0.653,0.68,0.7,0.673,0.68,0.7,0.7,0.747,0.747,0.753,0.76,0.76,0.767,0.767,0.767
Slovak Republic,,,,,,,,,,,,,,,,,,,,,,,,,,,,,,,,,,,,,,,,,,,,,,,,,,,,,,,,,,,,,,,,,,,,,,,,,,,,,,,,,0.541,,,,,0.551,,,,,0.539,,,,,0.594,,,,,0.631,,,,,0.655,,,,,0.675,,,,,0.692,,,,,0.717,0.727,0.733,0.74,0.753,0.76,0.747,0.733,0.72,0.7,0.687,0.673,0.687,0.693,0.707,0.72,0.727,0.74,0.747,0.76,0.773,0.807,0.82,0.813,0.82,0.833,0.833,0.833
Slovenia,,,,,,,,,,,,,,,,,,,,,,,,,,,,,,,,,,,,,,,,,,,,,,,,,,,,,,,,,,,,,,,,,,,,,,,,,,,,,,,,,0.378,,,,,0.409,,,,,0.408,,,,,0.463,,,,,0.506,,,,,0.555,,,,,0.598,,,,,0.661,,,,,0.727,0.733,0.733,0.74,0.747,0.747,0.753,0.76,0.76,0.767,0.773,0.767,0.767,0.767,0.8,0.78,0.787,0.787,0.793,0.807,0.807,0.813,0.78,0.78,0.793,0.8,0.82,0.813
Solomon Islands,,,,,,,,,,,,,,,,,,,,,,,,,,,,,,,,,,,,,,,,,,,,,,,,,,,,,,,,,,,,,,,,,,,,,,,,,,,,,,,,,,,,,,,,,,,,,,,,,,,,,,,,,,,,,,,,,,,,,,,,,,,,,,,,,,0.3,0.307,0.307,0.313,0.313,0.32,0.32,0.327,0.327,0.333,0.333,0.34,0.347,0.347,0.353,0.353,0.36,0.36,0.367
Somalia,,,,,,,,,,,,,,,,,,,,,,,,,,,,,,,,,,,,,,,,,,,,,,,,,,,,,,,,,,,,,,,,,,,,,,,,,,,,,,,,,,,,,,,,,,,,,,,,,,,,,,,,,,,,,,,,,,,,,,,,,,,,,,,,,,,,,,,,,0.14,,,,,,,,,,,
South Africa,0.0347,,,,,0.0413,,,,,0.0493,,,,,0.058,,,,,0.07,,,,,0.084,,,,,0.092,,,,,0.0893,,,,,0.0907,,,,,0.0913,,,,,0.121,,,,,0.149,,,,,0.175,,,,,0.204,,,,,0.229,,,,,0.252,,,,,0.25,,,,,0.277,,,,,0.278,,,,,0.286,,,,,0.296,,,,,0.311,,,,,0.321,,,,,0.319,,,,,0.433,0.44,0.48,0.5,0.527,0.547,0.553,0.56,0.567,0.58,0.587,0.5,0.567,0.587,0.587,0.593,0.6,0.607,0.647,0.673,0.667,0.66,0.653,0.66,0.667,0.673,0.673,0.673
South Korea,0.000667,,,,,0.000667,,,,,0.000667,,,,,0.000667,,,,,0.000667,,,,,0.000667,,,,,0.000667,,,,,0.03,,,,,0.0513,,,,,0.072,,,,,0.113,,,,,0.147,,,,,0.177,,,,,0.205,,,,,0.228,,,,,0.242,,,,,0.265,,,,,0.291,,,,,0.208,,,,,0.284,,,,,0.347,,,,,0.411,,,,,0.473,,,,,0.537,,,,,0.607,,,,,,,,,,,,,,,,,,,,,,,,,,,
South Sudan,,,,,,,,,,,,,,,,,,,,,,,,,,,,,,,,,,,,,,,,,,,,,,,,,,,,,,,,,,,,,,,,,,,,,,,,,,,,,,,,,,,,,,,,,,,,,,,,,,,,,,,,,,,,,,,,,,,,,,,,,,,,,,,,,,,,,,,,,,,0.32,0.32,0.32,0.32,0.32,0.32,0.32,0.32,0.32,0.32
Spain,0.0833,,,,,0.094,,,,,0.117,,,,,0.142,,,,,0.163,,,,,0.185,,,,,0.205,,,,,0.222,,,,,0.235,,,,,0.241,,,,,0.232,,,,,0.221,,,,,0.21,,,,,0.207,,,,,0.203,,,,,0.214,,,,,0.231,,,,,0.23,,,,,0.248,,,,,0.272,,,,,0.289,,,,,0.342,,,,,0.383,,,,,0.409,,,,,0.435,0.427,0.447,0.473,0.493,0.513,0.527,0.533,0.54,0.547,0.56,0.567,0.567,0.573,0.573,0.593,0.6,0.607,0.613,0.62,0.627,0.633,0.633,0.633,0.647,0.647,0.653,0.653
Sri Lanka,0.0107,,,,,0.0107,,,,,0.0113,,,,,0.012,,,,,0.014,,,,,0.0173,,,,,0.0227,,,,,0.0287,,,,,0.036,,,,,0.0607,,,,,0.0807,,,,,0.0993,,,,,0.125,,,,,0.145,,,,,0.169,,,,,0.187,,,,,0.196,,,,,0.212,,,,,0.231,,,,,0.247,,,,,0.355,,,,,0.385,,,,,0.409,,,,,0.462,,,,,0.519,0.567,0.573,0.587,0.593,0.607,0.62,0.627,0.64,0.653,0.667,0.68,0.68,0.68,0.687,0.693,0.7,0.707,0.733,0.727,0.72,0.72,0.727,0.727,0.727,0.727,0.727,0.727
St. Kitts and Nevis,,,,,,,,,,,,,,,,,,,,,,,,,,,,,,,,,,,,,,,,,,,,,,,,,,,,,,,,,,,,,,,,,,,,,,,,,,,,,,,,,,,,,,,,,,,,,,,,,,,,,,,,,,,,,,,,,,,,,,,,,,,,,,,,,,,,,,,,0.48,0.487,0.493,0.507,0.513,0.52,0.533,0.54,0.553,0.56,0.56,0.56,0.56
St. Lucia,,,,,,,,,,,,,,,,,,,,,,,,,,,,,,,,,,,,,,,,,,,,,,,,,,,,,,,,,,,,,,,,,,,,,,,,,,,,,,,,,,,,,,,,,,,,,,,,,,,,,,,,,,,,,,,,,,,,,,,,,,,,,,,,,,,0.467,0.473,0.48,0.487,0.493,0.5,0.507,0.513,0.52,0.527,0.56,0.56,0.56,0.56,0.58,0.593,0.593,0.593
St. Vincent and the Grenadines,,,,,,,,,,,,,,,,,,,,,,,,,,,,,,,,,,,,,,,,,,,,,,,,,,,,,,,,,,,,,,,,,,,,,,,,,,,,,,,,,,,,,,,,,,,,,,,,,,,,,,,,,,,,,,,,,,,,,,,,,,,,,,,,,,,0.507,0.507,0.513,0.52,0.52,0.527,0.533,0.54,0.54,0.547,0.553,0.56,0.567,0.573,0.573,0.573,0.573,0.573
Sudan,0.000667,,,,,0.000667,,,,,0.000667,,,,,0.000667,,,,,0.000667,,,,,0.000667,,,,,0.000667,,,,,0.00133,,,,,0.00133,,,,,0.002,,,,,0.00333,,,,,0.004,,,,,0.00533,,,,,0.00667,,,,,0.00933,,,,,0.012,,,,,0.0153,,,,,0.0193,,,,,0.0253,,,,,0.0313,,,,,0.0393,,,,,0.0467,,,,,0.06,,,,,0.0727,,,,,0.1,0.107,0.113,0.12,0.127,0.133,0.14,0.147,0.153,0.153,0.16,0.167,0.173,0.18,0.187,0.193,0.2,0.2,0.2,0.207,0.207,0.213,0.22,0.227,0.233,0.24,0.24,0.247
Suriname,,,,,,,,,,,,,,,,,,,,,,,,,,,,,,,,,,,,,,,,,,,,,,,,,,,,,,,,,,,,,,,,,,,,,,,,,,,,,,,,,,,,,,,,,,,,,,,,,,,,,,,,,,,,,,,,,,,,,,,,,,,,,,,,,,,,,,,0.513,0.513,0.513,0.513,0.513,0.513,0.513,0.52,0.527,0.54,0.547,0.56,0.567,0.567
Sweden,0.234,,,,,0.239,,,,,0.245,,,,,0.253,,,,,0.263,,,,,0.272,,,,,0.281,,,,,0.289,,,,,0.296,,,,,0.301,,,,,0.307,,,,,0.325,,,,,0.341,,,,,0.365,,,,,0.389,,,,,0.415,,,,,0.429,,,,,0.447,,,,,0.48,,,,,0.505,,,,,0.531,,,,,0.601,,,,,0.641,,,,,0.67,,,,,0.703,0.707,0.713,0.72,0.727,0.727,0.733,0.74,0.747,0.753,0.76,0.767,0.773,0.787,0.82,0.827,0.827,0.833,0.813,0.813,0.82,0.827,0.827,0.813,0.82,0.827,0.827,0.827
Switzerland,0.259,,,,,0.27,,,,,0.281,,,,,0.294,,,,,0.308,,,,,0.323,,,,,0.34,,,,,0.354,,,,,0.385,,,,,0.412,,,,,0.437,,,,,0.467,,,,,0.492,,,,,0.517,,,,,0.539,,,,,0.562,,,,,0.577,,,,,0.587,,,,,0.594,,,,,0.619,,,,,0.651,,,,,0.689,,,,,0.732,,,,,0.691,,,,,0.679,0.647,0.647,0.647,0.653,0.653,0.673,0.693,0.72,0.74,0.76,0.773,0.78,0.787,0.793,0.8,0.82,0.84,0.86,0.887,0.887,0.887,0.893,0.893,0.893,0.893,0.893,0.893
Syria,0.000667,,,,,0.000667,,,,,0.000667,,,,,0.000667,,,,,0.00133,,,,,0.00133,,,,,0.002,,,,,0.002,,,,,0.00733,,,,,0.0107,,,,,0.014,,,,,0.018,,,,,0.0213,,,,,0.026,,,,,0.0307,,,,,0.038,,,,,0.0407,,,,,0.0493,,,,,0.0573,,,,,0.0747,,,,,0.0907,,,,,0.122,,,,,0.165,,,,,0.217,,,,,0.265,0.273,0.28,0.287,0.293,0.3,0.3,0.3,0.3,0.307,0.307,0.32,0.313,0.34,0.36,0.387,0.413,0.433,0.42,0.44,0.42,0.42,0.42,0.42,0.373,0.34,0.34,0.34
Tajikistan,,,,,,,,,,,,,,,,,,,,,,,,,,,,,,,,,,,,,,,,,,,,,,,,,,,,,,,,,,,,,,,,,,,,,,,,,,,,,,,,,0.205,,,,,0.241,,,,,0.277,,,,,0.337,,,,,0.375,,,,,0.441,,,,,0.515,,,,,0.582,,,,,0.638,0.653,0.667,0.68,0.693,0.707,0.707,0.707,0.707,0.707,0.707,0.707,0.707,0.707,0.7,0.7,0.7,0.7,0.733,0.727,0.727,0.72,0.713,0.713,0.707,0.7,0.7,0.693
Tanzania,,,,,,,,,,,,,,,,,,,,,,,,,,,,,,,,,,,,,,,,,,,,,,,,,,,,,,,,,,,,,,,,,,,,,,,,,,,,,,,,,0.09,,,,,0.092,,,,,0.0953,,,,,0.108,,,,,0.119,,,,,0.145,,,,,0.169,,,,,0.211,,,,,0.24,0.247,0.253,0.26,0.267,0.273,0.273,0.28,0.28,0.28,0.28,0.287,0.287,0.293,0.3,0.32,0.32,0.327,0.333,0.333,0.34,0.34,0.367,0.367,0.373,0.387,0.387,0.387
Thailand,0,,,,,0.000667,,,,,0.000667,,,,,0.000667,,,,,0.000667,,,,,0.000667,,,,,0.00133,,,,,0.002,,,,,0.016,,,,,0.0247,,,,,0.034,,,,,0.04,,,,,0.0467,,,,,0.052,,,,,0.056,,,,,0.076,,,,,0.0893,,,,,0.114,,,,,0.138,,,,,0.126,,,,,0.125,,,,,0.141,,,,,0.178,,,,,0.217,,,,,0.255,0.313,0.313,0.32,0.327,0.333,0.347,0.367,0.38,0.393,0.407,0.42,0.433,0.447,0.453,0.467,0.467,0.473,0.487,0.5,0.513,0.5,0.513,0.5,0.507,0.507,0.507,0.507
Togo,0.000667,,,,,0.000667,,,,,0.000667,,,,,0.000667,,,,,0.00133,,,,,0.00133,,,,,0.00133,,,,,0.002,,,,,0.00267,,,,,0.00467,,,,,0.006,,,,,0.00667,,,,,0.008,,,,,0.0107,,,,,0.0127,,,,,0.0153,,,,,0.0167,,,,,0.02,,,,,0.0233,,,,,0.028,,,,,0.032,,,,,0.068,,,,,0.115,,,,,0.158,,,,,0.199,0.207,0.213,0.22,0.227,0.233,0.24,0.247,0.253,0.26,0.267,0.267,0.273,0.273,0.28,0.28,0.287,0.287,0.287,0.287,0.287,0.293,0.293,0.3,0.313,0.313,0.32,0.32
Tonga,,,,,,,,,,,,,,,,,,,,,,,,,,,,,,,,,,,,,,,,,,,,,,,,,,,,,,,,,,,,,,,,,,,,,,,,,,,,,,,,,0.413,,,,,0.425,,,,,0.431,,,,,0.439,,,,,0.452,,,,,0.455,,,,,0.483,,,,,0.505,,,,,0.553,0.567,0.573,0.587,0.6,0.607,0.607,0.607,0.607,0.607,0.607,0.607,0.607,0.613,0.613,0.613,0.627,0.653,0.673,0.693,0.713,0.727,0.727,0.733,0.74,0.747,0.747,0.747
Trinidad and Tobago,0.0233,,,,,0.03,,,,,0.0387,,,,,0.0447,,,,,0.054,,,,,0.0687,,,,,0.0827,,,,,0.102,,,,,0.129,,,,,0.152,,,,,0.183,,,,,0.212,,,,,0.236,,,,,0.263,,,,,0.285,,,,,0.305,,,,,0.307,,,,,0.334,,,,,0.346,,,,,0.366,,,,,0.38,,,,,0.425,,,,,0.465,,,,,0.503,,,,,0.529,0.54,0.547,0.553,0.56,0.567,0.58,0.587,0.593,0.6,0.613,0.62,0.627,0.633,0.653,0.667,0.66,0.7,0.713,0.713,0.713,0.72,0.72,0.72,0.72,0.72,0.727,0.727
Tunisia,0.000667,,,,,0.000667,,,,,0.000667,,,,,0.000667,,,,,0.000667,,,,,0.000667,,,,,0.000667,,,,,0.00133,,,,,0.00133,,,,,0.006,,,,,0.01,,,,,0.014,,,,,0.0167,,,,,0.0213,,,,,0.0253,,,,,0.0293,,,,,0.032,,,,,0.0353,,,,,0.0427,,,,,0.0487,,,,,0.0667,,,,,0.0873,,,,,0.135,,,,,0.175,,,,,0.229,0.24,0.247,0.26,0.267,0.273,0.287,0.293,0.307,0.313,0.327,0.34,0.347,0.36,0.373,0.387,0.393,0.407,0.42,0.427,0.447,0.46,0.453,0.453,0.46,0.467,0.473,0.48
Turkey,0.000667,,,,,0.000667,,,,,0.000667,,,,,0.00133,,,,,0.00133,,,,,0.002,,,,,0.00733,,,,,0.0133,,,,,0.0187,,,,,0.0273,,,,,0.034,,,,,0.0407,,,,,0.0447,,,,,0.0493,,,,,0.052,,,,,0.0593,,,,,0.066,,,,,0.0827,,,,,0.0993,,,,,0.125,,,,,0.135,,,,,0.153,,,,,0.191,,,,,0.265,,,,,0.302,0.307,0.307,0.313,0.32,0.32,0.333,0.34,0.353,0.36,0.367,0.373,0.38,0.387,0.393,0.4,0.407,0.413,0.42,0.433,0.447,0.48,0.5,0.513,0.507,0.52,0.533,0.533
Turkmenistan,,,,,,,,,,,,,,,,,,,,,,,,,,,,,,,,,,,,,,,,,,,,,,,,,,,,,,,,,,,,,,,,,,,,,,,,,,,,,,,,,,,,,,,,,,,,,,,,,,,,,,,,,,,,,,,,,,,,,,,,,,,,,,,,,,,,,,,,,,,,,0.66,0.66,0.653,0.653,0.653,0.653,0.653,0.653
Uganda,0.000667,,,,,0.000667,,,,,0.000667,,,,,0.000667,,,,,0.000667,,,,,0.000667,,,,,0.000667,,,,,0.000667,,,,,0.008,,,,,0.0133,,,,,0.018,,,,,0.0213,,,,,0.0247,,,,,0.0267,,,,,0.0287,,,,,0.044,,,,,0.0527,,,,,0.0613,,,,,0.0687,,,,,0.0653,,,,,0.07,,,,,0.0953,,,,,0.121,,,,,0.151,,,,,0.185,0.193,0.2,0.207,0.22,0.227,0.233,0.24,0.247,0.253,0.26,0.267,0.28,0.287,0.293,0.293,0.307,0.32,0.347,0.347,0.38,0.36,0.353,0.36,0.367,0.38,0.38,0.407
Ukraine,,,,,,,,,,,,,,,,,,,,,,,,,,,,,,,,,,,,,,,,,,,,,,,,,,,,,,,,,,,,,,,,,,,,,,,,,,,,,,,,,0.255,,,,,0.289,,,,,0.315,,,,,0.352,,,,,0.384,,,,,0.423,,,,,0.475,,,,,0.55,,,,,0.609,0.62,0.633,0.647,0.66,0.667,0.68,0.687,0.693,0.707,0.713,0.693,0.7,0.707,0.713,0.747,0.747,0.747,0.753,0.753,0.753,0.753,0.753,0.753,0.753,0.753,0.753,0.753
United Arab Emirates,,,,,,,,,,,,,,,,,,,,,,,,,,,,,,,,,,,,,,,,,,,,,,,,,,,,,,,,,,,,,,,,,,,,,,,,,,,,,,,,,0.044,,,,,0.0613,,,,,0.092,,,,,0.124,,,,,0.159,,,,,0.197,,,,,0.239,,,,,0.298,,,,,0.375,0.393,0.413,0.433,0.453,0.473,0.487,0.507,0.52,0.533,0.553,0.56,0.573,0.58,0.593,0.607,0.62,0.627,0.64,0.647,0.66,0.667,0.68,0.687,0.7,0.707,0.72,0.72
United Kingdom,0.0533,,,,,0.0593,,,,,0.0653,,,,,0.0707,,,,,0.0833,,,,,0.103,,,,,0.131,,,,,0.157,,,,,0.202,,,,,0.241,,,,,0.275,,,,,0.309,,,,,0.338,,,,,0.363,,,,,0.381,,,,,0.402,,,,,0.407,,,,,0.419,,,,,0.433,,,,,0.465,,,,,0.503,,,,,0.53,,,,,0.542,,,,,0.559,,,,,0.592,0.573,0.62,0.667,0.713,0.76,0.76,0.767,0.767,0.773,0.78,0.787,0.793,0.8,0.807,0.813,0.827,0.84,0.853,0.873,0.88,0.867,0.86,0.84,0.847,0.853,0.86,0.86
United States,0.247,,,,,0.273,,,,,0.299,,,,,0.323,,,,,0.363,,,,,0.401,,,,,0.432,,,,,0.462,,,,,0.459,,,,,0.475,,,,,0.485,,,,,0.504,,,,,0.516,,,,,0.535,,,,,0.555,,,,,0.583,,,,,0.542,,,,,0.567,,,,,0.593,,,,,0.655,,,,,0.707,,,,,0.76,,,,,0.796,,,,,0.809,,,,,0.821,0.827,0.833,0.84,0.847,0.847,0.847,0.847,0.847,0.847,0.847,0.847,0.847,0.853,0.853,0.853,0.853,0.86,0.88,0.88,0.88,0.887,0.887,0.88,0.887,0.887,0.893,0.893
Uruguay,0.016,,,,,0.02,,,,,0.0247,,,,,0.03,,,,,0.0367,,,,,0.0453,,,,,0.0533,,,,,0.06,,,,,0.0667,,,,,0.102,,,,,0.126,,,,,0.149,,,,,0.175,,,,,0.199,,,,,0.228,,,,,0.253,,,,,0.271,,,,,0.285,,,,,0.304,,,,,0.315,,,,,0.349,,,,,0.374,,,,,0.417,,,,,0.457,,,,,0.475,0.48,0.48,0.487,0.487,0.493,0.5,0.507,0.513,0.527,0.533,0.533,0.533,0.533,0.533,0.533,0.533,0.547,0.56,0.56,0.56,0.56,0.567,0.567,0.573,0.58,0.58,0.58
Uzbekistan,,,,,,,,,,,,,,,,,,,,,,,,,,,,,,,,,,,,,,,,,,,,,,,,,,,,,,,,,,,,,,,,,,,,,,,,,,,,,,,,,,,,,,,,,,,,,,,,,,,,,,,,,,,,,,,,,,,,,,,,,,,,,,,,,,,0.607,0.613,0.627,0.633,0.647,0.653,0.66,0.673,0.687,0.7,0.713,0.727,0.74,0.753,0.753,0.76,0.76,0.767
Vanuatu,,,,,,,,,,,,,,,,,,,,,,,,,,,,,,,,,,,,,,,,,,,,,,,,,,,,,,,,,,,,,,,,,,,,,,,,,,,,,,,,,,,,,,,,,,,,,,,,,,,,,,,,,,,,,,,,,,,,,,,,,,,,,,,,,,,,,,,,0.433,0.433,0.44,0.44,0.44,0.447,0.447,0.453,0.453,0.453,0.453,0.453,0.453
Venezuela,0.000667,,,,,0.000667,,,,,0.00133,,,,,0.00133,,,,,0.002,,,,,0.002,,,,,0.0213,,,,,0.0347,,,,,0.0473,,,,,0.0573,,,,,0.0653,,,,,0.0747,,,,,0.0807,,,,,0.09,,,,,0.094,,,,,0.102,,,,,0.1,,,,,0.119,,,,,0.129,,,,,0.142,,,,,0.161,,,,,0.217,,,,,0.295,,,,,0.309,,,,,0.306,0.32,0.333,0.34,0.353,0.367,0.38,0.387,0.4,0.413,0.427,0.427,0.453,0.467,0.48,0.493,0.507,0.54,0.547,0.553,0.593,0.653,0.647,0.66,0.667,0.673,0.673,0.687
Vietnam,,,,,,,,,,,,,,,,,,,,,,,,,,,,,,,,,,,,,,,,,,,,,,,,,,,,,,,,,,,,,,,,,,,,,,,,,,,,,,,,,0.124,,,,,0.129,,,,,0.134,,,,,0.173,,,,,0.2,,,,,0.237,,,,,0.279,,,,,0.287,,,,,0.263,0.273,0.28,0.287,0.3,0.307,0.32,0.327,0.34,0.353,0.36,0.373,0.387,0.4,0.413,0.427,0.44,0.453,0.467,0.533,0.5,0.507,0.52,0.527,0.52,0.533,0.54,0.547
Yemen,0.000667,,,,,0.000667,,,,,0.000667,,,,,0.000667,,,,,0.000667,,,,,0.000667,,,,,0.000667,,,,,0.000667,,,,,0.000667,,,,,0.000667,,,,,0.000667,,,,,0.000667,,,,,0.000667,,,,,0.000667,,,,,0.000667,,,,,0.000667,,,,,0.000667,,,,,0.000667,,,,,0.000667,,,,,0.000667,,,,,0.000667,,,,,0,,,,,0.00333,,,,,0.008,,,,,0.0193,0.0267,0.0267,0.0333,0.04,0.0467,0.0533,0.06,0.0667,0.0733,0.08,0.0867,0.1,0.107,0.113,0.127,0.133,0.147,0.153,0.167,0.173,0.187,0.2,0.2,0.2,0.2,0.2,0.2
Zambia,0.000667,,,,,0.000667,,,,,0.000667,,,,,0.000667,,,,,0.000667,,,,,0.000667,,,,,0.000667,,,,,0.000667,,,,,0.000667,,,,,0.0147,,,,,0.0247,,,,,0.0333,,,,,0.04,,,,,0.054,,,,,0.0653,,,,,0.0807,,,,,0.09,,,,,0.107,,,,,0.122,,,,,0.144,,,,,0.189,,,,,0.197,,,,,0.224,,,,,0.269,,,,,0.312,0.333,0.347,0.367,0.387,0.4,0.4,0.4,0.393,0.393,0.393,0.4,0.407,0.407,0.413,0.42,0.427,0.427,0.433,0.433,0.44,0.447,0.447,0.453,0.46,0.46,0.467,0.467
Zimbabwe,0.000667,,,,,0.000667,,,,,0.000667,,,,,0.000667,,,,,0.000667,,,,,0.000667,,,,,0.000667,,,,,0.000667,,,,,0.000667,,,,,0.00333,,,,,0.006,,,,,0.00933,,,,,0.0153,,,,,0.0247,,,,,0.0467,,,,,0.066,,,,,0.068,,,,,0.086,,,,,0.108,,,,,0.132,,,,,0.153,,,,,0.193,,,,,0.216,,,,,0.266,,,,,0.302,0.313,0.327,0.34,0.353,0.367,0.38,0.393,0.407,0.42,0.433,0.447,0.46,0.453,0.453,0.453,0.453,0.467,0.467,0.48,0.487,0.487,0.527,0.533,0.547,0.547,0.547,0.547
